#Path;Duration;#Points;#Scroll;#ScrollUp;#ScrollDown;#Clicks;#Movement;#Silents;Mean Silent;Std. Deviation Silent;Min Silent;Max Silent;Variance Silent;Skewness Silent;Kurtosis Silent;Flight Click beginning;Flight Click ending;Length Path;Weight Path;Direction Path;Mean Angle Incl.;Std. Deviation Angle Incl.;Min Angle Incl.;Max Angle Incl.;Variance Angle Incl.;Skewness Angle Incl.;Kurtosis Angle Incl.;Mode Angle Incl.;Mean Movement Speed;Std. Deviation Movement Speed;Min Movement Speed;Max Movement Speed.;Variance Movement Speed;Skewness Movement Speed;Kurtosis Movement Speed;Mode Movement Speed;Mean ScrollUp Speed;Std. Deviation ScrollUp Speed;Min ScrollUp Speed;Max ScrollUp Speed.;Variance ScrollUp Speed;Skewness ScrollUp Speed;Kurtosis ScrollUp Speed;Mode ScrollUp Speed;Mean ScrollDown Speed;Std. Deviation ScrollDown Speed;Min ScrollDown Speed;Max ScrollDown Speed.;Variance ScrollDown Speed;Skewness ScrollDown Speed;Kurtosis ScrollDown Speed;Mode ScrollDown Speed;UserID
1;2360;36;0;0;0;2;34;0;0;0;0;0;0;0;0;187;159;892.6504954;1275.727689;1;65.34098798;44.11994149;19.72227776;174.2894069;1946.569237;34.13169812;-0.628546346;41.18592517;2.769542434;2.827947709;0.007903454;9.152896274;7.997288243;2.112563596;-0.948545075;0.007903454;0;0;0;0;0;0;0;0;0;0;0;0;0;0;0;0;user-1
2;328;2;0;0;0;2;0;0;0;0;0;0;0;0;0;159;167;0;0;0;0;0;0;0;0;0;0;0;0;0;0;0;0;0;0;0;0;0;0;0;0;0;0;0;0;0;0;0;0;0;0;0;user-1
3;4224;10;0;0;0;2;8;0;0;0;0;0;0;0;0;167;175;218.5981931;5.995304952;1;94.44311001;32.41128796;5.710593137;122.503989;1050.491587;-62.68770321;3.317479391;122.503989;0.218931876;0.167934353;0.006338122;0.421637021;0.028201947;-0.025741804;-1.824169985;0.074355608;0;0;0;0;0;0;0;0;0;0;0;0;0;0;0;0;user-1
4;14536;35;0;0;0;2;33;1;10920;0;10920;10920;0;0;0;175;2855;903.1432236;-22.97257486;-1;36.83445632;53.80219945;0;172.9834983;2894.676666;95.38035033;1.634741215;172.9834983;0.424874975;0.342465589;0;1.091515575;0.11728268;0.068086021;-1.306544909;0;0;0;0;0;0;0;0;0;0;0;0;0;0;0;0;0;user-1
5;29992;51;0;0;0;1;50;1;26784;0;26784;26784;0;0;0;2855;0;807.8637642;-94.04743766;1;61.23469776;73.43789931;0;177.1375948;5393.125056;48.2136056;-1.42227741;3.17983012;1.435742309;1.033784888;0;3.676360292;1.068711196;0.521957838;-0.576531644;0.068286956;0;0;0;0;0;0;0;0;0;0;0;0;0;0;0;0;user-1
6;27967;116;0;0;0;0;116;1;25087;0;25087;25087;0;0;0;0;0;1965.887105;70.12335033;-1;44.33735814;35.86466612;0;178.5679038;1286.274276;84.76844603;5.95102893;21.80140949;1.659937558;0.856569486;0;4.025310547;0.733711284;0.268883634;-0.538747218;1.19670329;0;0;0;0;0;0;0;0;0;0;0;0;0;0;0;0;user-1
7;752;19;0;0;0;1;18;0;0;0;0;0;0;0;0;0;180;345.3536757;-13.613575;-1;162.7760984;21.6041905;98.13010235;174.8055711;466.7410471;-49.10418021;3.999173666;169.508523;2.166368857;1.164211748;0.016368213;3.922722919;1.355388994;-0.512999116;-0.770018679;3.051006715;0;0;0;0;0;0;0;0;0;0;0;0;0;0;0;0;user-1
8;7440;123;0;0;0;2;121;1;2472;0;2472;2472;0;0;0;180;1136;1557.276221;135.3609956;-1;73.8729062;52.91074901;0;174.8055711;2799.547361;11.88540641;-1.270946314;14.03624347;0.783515619;0.66364511;0.004223425;2.928843628;0.440424831;0.655102813;0.390679396;0.030316953;0;0;0;0;0;0;0;0;0;0;0;0;0;0;0;0;user-1
9;15124;2;0;0;0;1;0;1;15124;0;15124;15124;0;0;0;1136;1136;0;0;0;0;0;0;0;0;0;0;0;0;0;0;0;0;0;0;0;0;0;0;0;0;0;0;0;0;0;0;0;0;0;0;0;user-1
10;32300;70;0;0;0;1;69;1;30588;0;30588;30588;0;0;0;1136;191;1223.600715;-443.1630245;1;121.0287687;57.4957104;0;178.1523897;3305.756715;-46.07718203;-0.956743219;90;1.790064016;1.470788277;0;5.857142857;2.163218156;1.714747497;0.535382036;0;0;0;0;0;0;0;0;0;0;0;0;0;0;0;0;0;user-1
11;14229;6;1;0;1;1;4;1;12534;0;12534;12534;0;0;0;191;0;295.7161381;-1.738852343;-1;60.45122036;17.84980321;27.39236955;78.69006753;318.6154745;-14.02941167;-0.375129602;61.92751306;0.046270702;0.034214957;0;0.091925269;0.001170663;-0.004048506;-1.506813853;0.013545817;0;0;0;0;0;0;0;0;0;0;0;0;0;0;0;0;user-1
12;133470;65;33;29;4;0;31;3;47573;49666.96563;9561;117731;2.47E+09;23168.52289;-1.5;0;0;698.8538675;-314.3907303;-1;75.06874356;78.08760957;0;175.6012946;6097.674768;8.454843339;-1.928543352;0;1.637246485;0.853449875;0;4.069705149;0.728376689;0.904042338;1.481037414;3.809937664;0.714733632;0.502830407;6.28E-04;1.939393939;0.252838418;0.380191215;0.133024019;6.28E-04;0.090314914;0.025473501;0.058823529;0.121212121;6.49E-04;-5.94E-04;-1.5;0.058823529;user-1
13;180000;2;0;0;0;0;1;1;180000;0;180000;180000;0;0;0;0;0;0;0;0;0;0;0;0;0;0;0;0;0;0;0;0;0;0;0;0;0;0;0;0;0;0;0;0;0;0;0;0;0;0;0;0;user-1
14;180001;2;0;0;0;0;1;1;180001;0;180001;180001;0;0;0;0;0;0;0;0;0;0;0;0;0;0;0;0;0;0;0;0;0;0;0;0;0;0;0;0;0;0;0;0;0;0;0;0;0;0;0;0;user-1
15;153944;26;0;0;0;1;25;1;152544;0;152544;152544;0;0;0;0;268;963.5243323;-27.94161512;1;102.9987845;42.19607597;48.36646066;162.897271;1780.508827;7.666442476;-1.611629988;156.1503491;0.924522;0.570567754;0;1.943067216;0.325547562;-0.039691276;-0.978569353;0;0;0;0;0;0;0;0;0;0;0;0;0;0;0;0;0;user-1
16;26056;13;0;0;0;1;11;1;25704;0;25704;25704;0;0;0;268;0;179.5538617;66.26642854;1;27.62515456;9.084531377;0;37.87498365;82.52871033;-18.23636978;4.293149079;22.61986495;1.750705873;0.924119256;0;3.023346656;0.853996399;-0.586750081;-0.489635144;0.047794118;0;0;0;0;0;0;0;0;0;0;0;0;0;0;0;0;user-1
17;180000;2;0;0;0;0;1;1;180000;0;180000;180000;0;0;0;0;0;0;0;0;0;0;0;0;0;0;0;0;0;0;0;0;0;0;0;0;0;0;0;0;0;0;0;0;0;0;0;0;0;0;0;0;user-1
18;85070;12;0;0;0;1;11;1;83724;0;83724;83724;0;0;0;0;172;482.8373716;164.6979474;1;92.97388151;39.92077021;0;176.4637466;1593.667894;-11.27595299;1.444127171;176.4637466;2.166853489;4.177946788;0;15;17.45523936;9.787236279;5.122798227;0;0;0;0;0;0;0;0;0;0;0;0;0;0;0;0;0;user-1
19;61592;16;0;0;0;2;14;1;60872;0;60872;60872;0;0;0;172;167;366.1468161;-2.572045582;-1;128.8163943;28.12455499;53.13010235;153.4349488;790.9905934;-41.90460029;1.255615381;139.7636417;1.01156194;0.732263824;0;2.030381486;0.536210308;-0.176514777;-1.508946738;0;0;0;0;0;0;0;0;0;0;0;0;0;0;0;0;0;user-1
20;18479;67;0;0;0;2;65;2;6831;1239;5592;8070;1535121;0;0;167;838;868.5320923;-114.5968373;-1;31.52253566;51.13207735;0;173.6598083;2614.489335;70.46564202;0.406343522;173.6598083;0.89263945;0.67484334;0.001841136;2.857142857;0.455413533;0.418408976;0.342231879;0.002244209;0;0;0;0;0;0;0;0;0;0;0;0;0;0;0;0;user-1
21;2808;20;0;0;0;2;18;0;0;0;0;0;0;0;0;838;1119;196.5690112;-21.78337917;-1;22.81008704;50.487432;0;174.2894069;2548.98079;119.9174627;4.441118307;0;0.178692301;0.12105383;0.010775862;0.376299831;0.01465403;0.0206078;-1.295444345;0.039772727;0;0;0;0;0;0;0;0;0;0;0;0;0;0;0;0;user-1
22;8336;21;0;0;0;2;19;1;6664;0;6664;6664;0;0;0;1119;215;514.3455759;-428.9221152;1;161.5168662;18.96779675;90;177.4551956;359.7773134;-52.64277975;7.700385981;162.6459754;3.023814718;2.034199956;8.99E-04;6.864579301;4.137969463;0.022369713;-1.12344384;0.002515464;0;0;0;0;0;0;0;0;0;0;0;0;0;0;0;0;user-1
23;3716;2;0;0;0;1;0;1;3716;0;3716;3716;0;0;0;215;215;0;0;0;0;0;0;0;0;0;0;0;0;0;0;0;0;0;0;0;0;0;0;0;0;0;0;0;0;0;0;0;0;0;0;0;user-1
24;99794;290;107;35;72;1;182;8;13223.125;21640.42044;2136;69155;4.68E+08;39447.72152;2.614049179;215;160;3322.569228;-649.5091721;-1;69.94397306;75.56412978;0;176.4236656;5709.937709;22.05666724;-1.831729688;51.95295747;1.356960121;1.253322587;0;9.228014413;1.570817507;4.116232701;15.27572083;0;1.565423828;1.38141428;0.002604167;5.323529412;1.908305413;1.337013635;0.194012252;0.002604167;0.729812089;0.325478161;9.41E-04;1.352941176;0.105936034;-0.243284744;-0.116536361;9.41E-04;user-1
25;13433;89;0;0;0;2;87;2;4124.5;1692.5;2432;5817;2864556.25;0;0;160;165;1751.825444;-90.3995851;-1;46.43208338;36.20988638;0;179.1063775;1311.155872;76.05607177;4.206868861;19.65382406;1.273524042;1.012163604;0.002555625;5.374838499;1.02447516;1.556709348;3.382494231;0.002555625;0;0;0;0;0;0;0;0;0;0;0;0;0;0;0;0;user-1
26;66773;210;63;0;63;1;145;6;11962.33333;13032.33354;2064;39917;1.70E+08;16152.58207;0.640135085;165;0;2374.871081;229.4723937;1;62.82694235;57.16176529;0;170.5376778;3267.467411;11.7767952;-1.555202688;113.1985905;1.431411131;0.911371016;0;4.921607687;0.830597128;1.205079995;2.442725271;0.006365042;0;0;0;0;0;0;0;0;0.749431697;0.598896315;4.75E-04;2.823529412;0.358676796;0.914144466;2.797336263;4.75E-04;user-1
27;64821;18;0;0;0;1;17;1;64109;0;64109;64109;0;0;0;0;199;308.1684106;260.0002692;-1;154.4530804;20.03856717;83.48019825;170.5376778;401.5441741;-48.64090747;6.38005777;83.48019825;1.911348392;1.306153531;0;4.05517502;1.706037046;0.16433685;-1.172247848;0;0;0;0;0;0;0;0;0;0;0;0;0;0;0;0;0;user-1
28;17758;134;60;22;38;2;72;3;4189.666667;604.6234825;3447;4928;365569.5556;-4.333184943;-1.5;199;185;1585.729364;472.4715245;1;33.31105592;59.68544056;0;176.9059419;3562.351814;89.20602249;0.491291285;6.009005957;1.436038872;3.175341615;0.001946099;18.19645875;10.08279437;13.23355695;18.32230349;0.016802967;0.587093811;0.209441877;0.0625;0.866666667;0.0438659;-0.132887938;-0.165042627;0.0625;1.103580836;0.714061733;0.009036145;2.941176471;0.509884158;0.586745587;0.612527492;0.009036145;user-1
29;97421;115;36;10;26;1;77;5;18470.4;29020.6294;2485;76445;8.42E+08;34627.21835;0.238357901;185;0;1959.937013;311.5908824;-1;46.18176892;59.97208546;0;177.8789036;3596.651035;83.68945905;0.463017517;40.60129465;2.322198489;2.531749718;0;10.4995238;6.409756633;3.207616056;0.773507078;0.055539424;1.355562877;0.670889605;0.151515152;2.181818182;0.450092863;-0.277102578;-0.987812911;0.151515152;1.571275559;1.063485882;0.006535948;3.970588235;1.13100222;0.403351547;-0.892911972;0.006535948;user-1
30;47026;19;0;0;0;1;18;1;45885;0;45885;45885;0;0;0;0;182;533.1752432;-47.16189276;-1;32.72334867;36.74964014;0;111.8014095;1350.53605;30.85964236;-0.752788487;84.95754893;0.955462541;0.674047932;0;2.088061302;0.454340614;-0.019703247;-1.168223113;0;0;0;0;0;0;0;0;0;0;0;0;0;0;0;0;0;user-1
31;26498;78;21;21;0;1;56;4;6357.25;3796.925952;2366;11058;1.44E+07;254.5114455;-1.863714712;182;0;1396.157199;10.14154021;1;17.84027091;20.89961271;0;151.6992442;436.7938116;83.71643218;22.05652047;0;1.499857709;0.8513448;0;4.006938427;0.724787969;0.477070383;0.393491544;1.0749677;0.960963889;0.728421345;0.051724138;2.484848485;0.530597656;0.689979014;-0.312330459;0.051724138;0;0;0;0;0;0;0;0;user-1
1;112940;2;0;0;0;1;0;1;112940;0;112940;112940;0;0;0;96;96;0;0;0;0;0;0;0;0;0;0;0;0;0;0;0;0;0;0;0;0;0;0;0;0;0;0;0;0;0;0;0;0;0;0;0;user-2
2;180000;137;58;43;15;0;78;4;43653.75;41374.99042;2362;92764;1.71E+09;1780.458974;-1.923635973;96;0;5175.966622;2945.690197;-1;43.11050097;55.79621833;0;178.8065106;3113.21798;67.31204927;0.277106035;172.1390386;3.159989112;3.109738096;0;11.00284054;9.670471029;2.066741175;-0.934099963;0;0.891891246;0.707313932;0.003831418;3.096774194;0.500292999;0.74418525;0.820653569;0.003831418;0.822638146;0.334947864;0.058823529;1.303030303;0.112190071;-0.180887608;-0.206809045;0.058823529;user-2
3;180001;2;0;0;0;0;1;1;180001;0;180001;180001;0;0;0;0;0;0;0;0;0;0;0;0;0;0;0;0;0;0;0;0;0;0;0;0;0;0;0;0;0;0;0;0;0;0;0;0;0;0;0;0;user-2
4;101432;160;38;1;37;0;122;9;12033.77778;14998.4861;2736;51654;2.25E+08;26016.14325;2.479836567;0;0;2837.035671;766.1044356;1;63.24409932;54.83894818;0;178.3397176;3007.310238;11.68605206;-1.230590854;88.14741312;1.728125713;1.679030667;0;9.861282775;2.81914398;3.131154027;4.582451057;0;0;0;0;0;0;0;0;0;0.532181063;0.343662856;5.82E-04;1.235294118;0.118104158;-0.007230684;-0.828196249;5.82E-04;user-2
5;78568;31;0;0;0;0;30;1;77833;0;77833;77833;0;0;0;0;0;579.2470567;13.6998319;-1;122.4484181;38.82388261;0;163.0724869;1507.293861;-70.45111409;3.820515836;160.906508;1.686727994;1.337047879;0;6.276941931;1.787697029;2.017254018;2.521159285;3.057070332;0;0;0;0;0;0;0;0;0;0;0;0;0;0;0;0;user-2
6;180000;25;0;0;0;0;24;3;59620.33333;77648.93663;2029;169388;6.03E+09;36470.59406;-1.5;0;0;634.8264914;80.93709634;1;46.73255324;45.37419899;0;178.1988395;2058.817934;85.10017901;3.025666521;176.9727548;1.077099118;0.676100822;0;2.163330765;0.457112322;-0.205933742;-1.336075398;0;0;0;0;0;0;0;0;0;0;0;0;0;0;0;0;0;user-2
7;23869;146;8;1;7;0;138;4;4425.75;3236.720437;2307;10024;1.05E+07;2779.317172;-0.674110985;0;0;2055.034662;-38.5973084;-1;99.79507613;67.8958572;0;175.6012946;4609.847425;-27.3064728;-1.562821641;90;1.229743254;1.205258522;0;9.339283817;1.452648105;3.160155518;13.18427748;0.004263566;0;0;0;0;0;0;0;0;0.385432191;0.251447411;0.151515152;0.696428571;0.063225801;0.078615851;-1.823216566;0.151515152;user-2
8;51814;143;127;45;82;0;16;7;10759.85714;10952.66135;2504;35454;1.20E+08;14109.19643;0.801736933;0;0;273.9502923;32.62951306;1;1.235761773;8.113588377;0;90;65.83031635;77.22103414;98.99454712;0;2.045725132;1.059963719;0;3.75;1.123523086;-0.095132151;-0.989072812;0.738335214;1.035517368;0.718541233;0.013333333;2.727272727;0.516301503;0.327549271;-0.565131297;0.013333333;0.617307368;0.501803687;2.53E-04;2.575757576;0.25180694;0.668288217;2.852938259;2.53E-04;user-2
9;7153;87;0;0;0;1;86;0;0;0;0;0;0;0;0;0;99;979.2809127;51.91529575;1;75.31583208;31.166302;0;138.8140748;971.3383806;-15.65164611;-0.215217057;70.01689348;0.503550259;0.440496781;0.008593146;2;0.194037414;0.667259766;1.784287312;0.365771872;0;0;0;0;0;0;0;0;0;0;0;0;0;0;0;0;user-2
10;97165;120;0;0;0;1;118;3;30983;26910.07585;4600;67927;7.24E+08;9476.588723;-1.5;99;0;3227.206413;-111.1173099;-1;97.17429792;47.69520415;0;170.5376778;2274.832499;6.405873021;-1.364207818;163.5497543;1.955164532;1.183527617;0;5.100551441;1.400737621;1.006802201;0.080819658;0;0;0;0;0;0;0;0;0;0;0;0;0;0;0;0;0;user-2
11;180000;2;0;0;0;0;1;1;180000;0;180000;180000;0;0;0;0;0;0;0;0;0;0;0;0;0;0;0;0;0;0;0;0;0;0;0;0;0;0;0;0;0;0;0;0;0;0;0;0;0;0;0;0;user-2
12;180000;20;0;0;0;0;19;2;89840;55311;34529;145151;3.06E+09;0;0;0;0;377.1179876;-49.28832332;-1;55.68712552;77.69884514;0;175.2363583;6037.110537;57.89132195;-1.36732606;1.812552686;1.088787519;0.637321736;0;1.875;0.406178996;-0.338484499;-1.110916568;0;0;0;0;0;0;0;0;0;0;0;0;0;0;0;0;0;user-2
13;140105;15;0;0;0;1;14;1;138409;0;138409;138409;0;0;0;0;66;805.4261675;-41.48038133;1;41.5806214;60.41946321;0;174.2894069;3650.511534;64.7344498;-0.268964095;152.2293093;0.728728272;0.860933473;0;2.833333333;0.741206445;1.029544383;0.339347028;0;0;0;0;0;0;0;0;0;0;0;0;0;0;0;0;0;user-2
14;39895;74;33;15;18;1;39;2;18103.5;15841.5;2262;33945;2.51E+08;0;0;66;0;512.1887647;-184.2781964;-1;42.58182004;40.03666605;0;122.0053832;1602.934628;4.960709258;-1.481961415;0;1.149582995;0.923083457;0;3.328663395;0.852083068;0.789750839;-0.011143107;1.2;2.575149523;1.706389271;0.020057307;5.454545455;2.911764345;-0.297335033;-1.145213505;0.020057307;0.921639786;0.803518674;0.00998004;2.909090909;0.645642259;1.003982335;0.549206586;0.00998004;user-2
15;180001;82;0;0;0;0;81;1;178071;0;178071;178071;0;0;0;0;0;1610.924336;-309.0765418;1;102.8563927;51.09023557;0;174.2894069;2610.21217;-17.98559525;-1.266342167;3.445086463;1.889962831;1.171729094;0;7.64852927;1.372949069;1.941186206;5.755327237;0;0;0;0;0;0;0;0;0;0;0;0;0;0;0;0;0;user-2
16;32675;48;19;1;18;0;29;2;14523;12315;2208;26838;1.52E+08;0;0;0;0;1637.241444;465.0322467;1;61.42826365;60.66131449;0;177.8171369;3679.795076;8.952083427;-1.737522806;1.326054377;3.203855644;2.044204281;0.0023993;6.823672032;4.178771141;-0.135439264;-1.186990473;0.384786933;0;0;0;0;0;0;0;0;0.570787709;0.339538645;0.008;1.117647059;0.115286492;-0.021059347;-1.105253207;0.008;user-2
17;14744;49;5;5;0;0;44;1;12384;0;12384;12384;0;0;0;0;0;737.8433654;148.443595;-1;78.1076173;66.3230998;0;175.9143832;4398.753567;17.65834701;-1.570013428;45;1.376424373;1.370766519;0;5.454823741;1.87900085;2.087335741;1.93867638;2.185602778;0;0;0;0;0;0;0;0;0;0;0;0;0;0;0;0;user-2
18;26297;64;16;1;15;0;48;2;10235.5;1359.5;8876;11595;1848240.25;0;0;0;0;704.9122526;101.6192255;-1;77.23323042;53.43231679;0;170.5376778;2855.012478;-23.61200318;-1.208685768;120.4655449;1.341285651;1.128774743;5.74E-04;3.644344934;1.27413242;0.479153439;-0.964186242;1.972308292;0;0;0;0;0;0;0;0;0.50940742;0.290650332;0.008185539;1;0.084477615;-0.075269047;-0.863490182;0.008185539;user-2
19;41877;16;13;0;13;0;3;4;11218.75;10473.93053;3030;28747;1.10E+08;7417.312954;-0.864581854;0;0;31.94397237;0.569643659;-1;9.89768054;26.95853723;0;108.4349488;726.7627294;81.06272644;8.913531657;15.2551187;0.026334672;0.03442928;0.001003898;0.075011541;0.001185375;0.016189679;-1.5;0.075011541;0;0;0;0;0;0;0;0;0.530393542;0.259168406;1.04E-04;0.848484848;0.067168263;-0.138909705;-0.718936794;1.04E-04;user-2
20;22641;7;6;0;6;0;1;1;22474;0;22474;22474;0;0;0;0;0;11.66190379;0;-1;9.839373911;22.00150892;0;59.03624347;484.0663948;32.79791304;1.2;0;0;0;0;0;0;0;0;0;0;0;0;0;0;0;0;0;0.583778966;0.210715997;0.294117647;0.848484848;0.044401232;-0.037491552;-1.572961539;0.294117647;user-2
21;25655;25;14;6;8;0;11;1;24432;0;24432;24432;0;0;0;0;0;129.04598;-18.32744927;-1;47.28842684;43.83904321;0;153.4349488;1921.861709;13.27717542;-0.747916301;72.89727103;0.669859373;0.642669189;0.008310249;1.700183814;0.413023687;0.283852386;-1.413984359;1.700183814;0.582003291;0.201078381;0.272727273;0.757575758;0.040432515;-0.08646725;-1.522444025;0.272727273;0.986551031;0.513527692;0.282051282;1.606060606;0.26371069;-0.02730722;-1.464011123;0.282051282;user-2
22;16111;7;6;0;6;0;0;1;15944;0;15944;15944;0;0;0;0;0;0;0;0;0;0;0;0;0;0;0;0;0;0;0;0;0;0;0;0;0;0;0;0;0;0;0;0;0.557839765;0.247458115;0.151515152;0.866666667;0.061235519;-0.078832952;-0.97595103;0.151515152;user-2
23;54938;27;6;0;6;0;21;3;17761;14298.15249;2672;36963;2.04E+08;3886.10495;-1.5;0;0;245.0964307;17.59711742;1;74.28958219;71.53618977;0;175.6012946;5117.426446;14.92564398;-1.780285695;0;0.475319146;0.470954293;0;1.401586403;0.221797946;0.272501383;-1.115694095;0;0;0;0;0;0;0;0;0;0.510031898;0.27520488;0.060606061;0.85;0.075737726;-0.100898128;-1.052412389;0.060606061;user-2
24;34908;16;13;0;13;0;3;1;34313;0;34313;34313;0;0;0;0;0;26.186495;-2.346440383;1;26.74572834;53.49749975;0;135;2861.982479;74.93852441;0.253909745;135;0.4205339;0.315691971;0.023183829;0.795495129;0.099661421;-0.02231377;-1.5;0.795495129;0;0;0;0;0;0;0;0;0.464881424;0.306143828;1.46E-04;0.848484848;0.093724044;-0.062874883;-1.484637393;1.46E-04;user-2
25;60938;13;12;0;12;0;1;2;30302.5;28136.5;2166;58439;7.92E+08;0;0;0;0;8.246211251;0;1;1.169686956;3.879412754;0;14.03624347;15.04984332;10.72213043;7.090909091;0;0;0;0;0;0;0;0;0;0;0;0;0;0;0;0;0;0.514308056;0.275549546;0.002308403;0.823529412;0.075927552;-0.134349938;-1.01314608;0.002308403;user-2
26;29216;64;6;0;6;0;57;1;27493;0;27493;27493;0;0;0;0;0;1388.979471;-1114.371024;1;77.74310996;47.97067475;0;177.5104471;2301.185636;18.63024885;-0.275049234;8.130102354;2.785210767;2.043608597;0.004785833;8.5;4.176336096;2.116229687;0.761894209;0.883883476;0;0;0;0;0;0;0;0;0.561853832;0.241711887;0.151515152;0.818181818;0.058424636;-0.109437111;-0.914533907;0.151515152;user-2
27;77819;48;26;0;26;0;22;3;24568.66667;21574.8592;4617;54536;4.65E+08;8576.694521;-1.5;0;0;281.5245948;54.61666657;-1;50.53735707;59.59079113;0;158.1985905;3551.062387;27.9939944;-1.526874136;150.9453959;0.851621525;0.573704205;0;1.741048535;0.329136515;-0.038965711;-1.294157288;0;0;0;0;0;0;0;0;0;0.459175428;0.293509035;3.44E-04;0.848484848;0.086147554;-0.079614427;-1.299137647;3.44E-04;user-2
28;102182;217;91;31;60;0;125;5;21359.8;23244.88243;4375;65609;5.40E+08;22181.12783;-0.24425473;0;0;2021.386587;757.7611095;1;43.44166145;60.17242859;0;176.6335393;3620.721163;66.97089761;-0.228272533;0;1.023540667;0.960997242;0;4.25;0.9235157;1.168481832;1.066123104;0.002945079;2.743909728;2.244970731;0.013333333;7.848484848;5.039893584;1.249682474;-0.789606469;0.013333333;0.548898574;0.350219263;3.68E-04;1.666666667;0.122653532;0.169443496;0.743802041;3.68E-04;user-2
29;170305;20;1;0;1;0;19;2;85081;28150;56931;113231;7.92E+08;0;0;0;0;1101.014092;21.09632751;-1;121.6369225;19.47709303;82.72499504;179.5460017;379.3571529;17.27648491;2.312174742;82.72499504;2.132675336;1.084937773;0;3.923088707;1.177089971;-0.384747872;-0.543825048;0;0;0;0;0;0;0;0;0;0;0;0;0;0;0;0;0;user-2
30;9695;63;62;0;62;0;0;0;0;0;0;0;0;0;0;0;0;469.3527458;127.1718289;1;1.562136609;12.20067695;0;96.85246977;148.8565179;92.21645145;57.01639344;0;0;0;0;0;0;0;0;0;0;0;0;0;0;0;0;0;0.509326921;0.295268034;0.001874414;1;0.087183212;-0.112053904;-1.060279313;0.001874414;user-2
31;4166;66;27;26;1;1;38;1;3257;0;3257;3257;0;0;0;0;121;550.1991833;-154.1907502;1;5.428687553;8.604233497;0;53.13010235;74.03283408;24.75067342;12.27369779;0;1.585363905;0.779534838;0.014218965;3.298113252;0.607674564;0.351233972;-0.298855776;0.913186747;1.348398859;0.963852998;0.011412268;3.242424242;0.929012602;0.245489664;-1.021920059;0.011412268;0;0;0;0;0;0;0;0;user-2
32;135328;496;182;1;181;1;313;12;10339.41667;9353.07351;2633;30443;8.75E+07;9283.849517;-0.37000266;121;0;9270.297033;2057.303136;-1;54.11627839;55.95651072;0;178.8465495;3131.131092;27.55487984;-1.19757154;153.4349488;2.442930098;3.342637606;0;50;11.17322616;31.18751869;128.2426455;0;0;0;0;0;0;0;0;0;0.473215405;0.305706768;0.001898975;0.964285714;0.093456628;-0.079080078;-1.340830568;0.001898975;user-2
33;40506;192;39;17;22;0;152;3;11467;9619.335528;2599;24835;9.25E+07;3843.467642;-1.5;0;0;2419.843886;471.3621105;1;78.17042056;54.75645706;0;176.1859252;2998.26959;-14.26311611;-1.296771753;132.8789036;1.505876464;1.183984302;0;8.062257748;1.401818828;2.031806391;5.570475946;2.122774797;0.506003103;0.274239266;0.016393443;0.875;0.075207175;-0.086184038;-1.079181998;0.016393443;0.527865428;0.267195917;0.027173913;0.870967742;0.071393658;-0.159699534;-0.884911628;0.027173913;user-2
1;36773;10;0;0;0;1;9;1;36320;0;36320;36320;0;0;0;81;0;332.2085166;72.66335735;-1;80.42140607;25.13650033;9.503247758;90;631.8436489;-54.78227394;4.056387351;90;0.553761468;0.418534701;0;1.1875;0.175171296;-0.020789765;-1.441214925;0.047619048;0;0;0;0;0;0;0;0;0;0;0;0;0;0;0;0;user-2
2;4208;78;30;22;8;1;47;0;0;0;0;0;0;0;0;0;89;563.9318981;-90.65602414;-1;56.87692038;64.42033932;0;175.6012946;4149.980118;47.04531952;-1.081376063;165.9637565;0.562739937;0.458320639;0.003558719;1.840893503;0.210057808;0.477877439;0.326839019;0.220880659;0.775965103;0.425255967;0.01242236;1.5;0.180842638;-0.057910945;-0.663847254;0.01242236;1.893985814;0.678812951;0.970588235;2.676470588;0.460787022;-0.132985474;-1.491091796;0.970588235;user-2
3;53784;28;0;0;0;2;26;1;52423;0;52423;52423;0;0;0;89;127;835.1686369;78.41995285;1;73.08238419;62.21444677;0;176.6335393;3870.637387;37.60506555;-1.087439799;138.6342887;0.769666334;0.748491544;0;3.847076812;0.560239592;1.987050912;9.121874151;0;0;0;0;0;0;0;0;0;0;0;0;0;0;0;0;0;user-2
4;30630;214;195;54;141;2;17;6;6267.666667;6606.234143;2167;20700;4.36E+07;8933.101894;0.861883071;127;100;290.6801774;128.2767053;-1;10.11867008;35.64138805;0;176.4236656;1270.308542;126.7087302;11.3177003;159.2277453;0.902431264;0.697359441;0.002915904;2.217739242;0.48631019;0.098467594;-1.277893537;0.009713788;1.380223702;0.998059833;0.009689922;3.939393939;0.99612343;0.541026654;-0.354799307;0.009689922;0.781050973;0.673905564;0.001538462;3.818181818;0.454148709;1.186054482;4.551688424;0.001538462;user-2
5;17690;62;46;7;39;1;14;2;6846.5;1328.5;5518;8175;1764912.25;0;0;100;0;182.3994856;27.53978718;1;46.36375623;64.43824144;0;170.5376778;4152.286959;49.94870858;-1.216620089;21.80140949;0.352562009;0.401098667;0.001317472;1.499311137;0.160880141;0.667980117;2.762653321;0.001317472;0.583600713;0.211299055;0.333333333;0.848484848;0.044647291;-0.033971577;-1.679862597;0.333333333;0.674222238;0.39737837;0.009416196;1.484848485;0.157909569;0.02778092;-0.732823853;0.009416196;user-2
6;30639;79;28;0;28;0;51;2;13760;11548;2212;25308;1.33E+08;0;0;0;0;1303.29044;3934.818294;-1;109.0775592;66.24502539;0;178.0113621;4388.403388;-53.60164484;-1.01218476;164.7448813;2.398226823;3.395185324;0.0051545;14.40867794;11.52728338;8.793696858;5.997577218;0.0051545;0;0;0;0;0;0;0;0;0.496161122;0.286024003;0.006423983;0.848484848;0.08180973;-0.12495377;-1.188013282;0.006423983;user-2
7;13510;10;6;0;6;0;4;1;13292;0;13292;13292;0;0;0;0;0;30.86678561;-0.044154158;-1;50.98004217;47.58007584;0;116.5650512;2263.863617;-0.025041294;-1.773281387;60.9453959;0.068641891;0.061879262;0;0.149971162;0.003829043;0.012331802;-1.5;0.055954512;0;0;0;0;0;0;0;0;0.538277512;0.256024332;0.151515152;0.848484848;0.065548459;-0.036508092;-1.331282226;0.151515152;user-2
8;52552;21;8;0;8;0;13;1;51542;0;51542;51542;0;0;0;0;0;143.9922496;45.392443;-1;90.13719402;69.79346281;0;163.3007558;4871.127451;-26.81339094;-1.69728503;126.8698976;0.558208706;0.624284222;0;1.845602883;0.38973079;0.647550338;-0.415200502;0.111111111;0;0;0;0;0;0;0;0;0.827283739;0.43114831;0.090909091;1.393939394;0.185888865;-0.124053936;-1.147565517;0.090909091;user-2
9;22337;25;14;0;14;0;11;1;21762;0;21762;21762;0;0;0;0;0;129.2529434;-7.339550891;-1;59.48691545;44.19788886;0;175.2363583;1953.45338;15.76955951;0.055383654;48.0127875;0.449002733;0.465712774;0;1.503329638;0.216888388;0.45387532;0.078648356;0.672681202;0;0;0;0;0;0;0;0;0.629438752;0.296460448;0.005;1.090909091;0.087888797;-0.144202125;-0.366321437;0.005;user-2
10;60967;277;189;0;189;0;87;11;4854.272727;3073.30888;2259;12871;9445227.471;4408.043604;1.500989578;0;0;1179.16679;-127.9193213;1;26.78103275;47.08292774;0;176.1859252;2216.802085;85.32430448;2.221307077;155.5560452;0.926036763;0.724763692;9.11E-04;3.16227766;0.525282409;0.515257521;0.343692285;0.503460249;0;0;0;0;0;0;0;0;0.558491366;0.40734057;6.66E-04;2.606060606;0.16592634;0.613510506;5.559874541;6.66E-04;user-2
11;68848;17;12;0;12;0;5;2;33880.5;9914.5;23966;43795;9.83E+07;0;0;0;0;51.66260224;2.894581552;1;34.58984652;41.58294447;0;90;1729.141271;17.87773218;-1.721755346;90;0.118831255;0.08231625;0;0.222222222;0.006775965;-0.014430862;-1.274935792;0;0;0;0;0;0;0;0;0;0.503898149;0.290796662;0.008818342;0.848484848;0.084562698;-0.122315661;-1.131853976;0.008818342;user-2
12;26317;70;23;0;23;0;47;2;10475;2209;8266;12684;4879681;0;0;0;0;1668.154965;2601.207653;1;31.67385476;38.38160874;0;170.5376778;1473.14789;49.01122321;1.064718893;24.84238911;3.499242046;4.256689532;0.001560062;19.83543406;18.11940578;8.492942293;3.832665737;19.83543406;0;0;0;0;0;0;0;0;0.474272639;0.288557087;2.37E-04;0.818181818;0.083265193;-0.103245686;-1.21568339;2.37E-04;user-2
13;84843;19;18;0;18;0;0;2;41307.5;32771.5;8536;74079;1.07E+09;0;0;0;0;0;0;0;0;0;0;0;0;0;0;0;0;0;0;0;0;0;0;0;0;0;0;0;0;0;0;0;0.487464303;0.299416122;5.86E-04;0.857142857;0.089650014;-0.109962127;-1.238353047;5.86E-04;user-2
14;93391;16;11;0;11;0;5;2;46477;19418;27059;65895;3.77E+08;0;0;0;0;58.39708924;-3.836500329;-1;50.02899071;44.22267737;0;123.6900675;1955.645194;1.550875588;-1.490396925;50.71059314;0.23457157;0.183772889;0;0.448763734;0.033772475;-0.020212327;-1.5;0;0;0;0;0;0;0;0;0;0.593939394;0.200054565;0.147058824;0.818181818;0.040021829;-0.160892902;-0.07695687;0.147058824;user-2
15;36985;300;94;0;94;0;206;5;7602.4;3707.729149;2826;12601;1.37E+07;547.1144758;-1.567414103;0;0;4411.760619;-1928.452424;-1;66.33024056;55.72968991;0;176.8201699;3105.798337;8.177917058;-1.159657663;90;2.186104722;2.143915015;0;12.54298731;4.596371591;5.04864526;6.975171362;0.023529412;0;0;0;0;0;0;0;0;0.524211914;0.321945994;3.82E-04;1.424242424;0.103649223;0.016921507;-0.491313541;3.82E-04;user-2
16;49624;37;0;0;0;0;36;1;49290;0;49290;49290;0;0;0;0;0;810.6752382;-818.8758281;1;85.62018493;24.43253158;0;122.9052429;596.9485992;-25.6796971;2.168810062;45;2.737143165;1.697144375;0;5.969309262;2.88029903;0.722412858;-1.158145631;2.057037909;0;0;0;0;0;0;0;0;0;0;0;0;0;0;0;0;user-2
17;31070;116;29;25;4;1;86;1;27639;0;27639;27639;0;0;0;0;1782;1959.281066;-376.9180753;1;83.02065082;71.96763045;0;176.8201699;5179.339833;-8.131609891;-1.87358118;19.65382406;1.882744565;1.122749999;0;5.143260153;1.260567561;0.767010156;0.048378392;0;11.20845944;9.777661084;0.062068966;32.66666667;95.60265627;7.048662229;-0.670526803;0.062068966;1.585264409;0.395422939;1.090909091;2.058823529;0.156359301;-0.02075785;-1.5;1.090909091;user-2
18;73569;84;0;0;0;1;83;1;70249;0;70249;70249;0;0;0;1782;0;1662.807529;296.2352989;-1;83.79074654;57.46764097;0;171.2538377;3302.529758;18.50440453;-1.627754199;46.84761027;1.428500309;2.134061511;0;10.50743784;4.554218534;6.206701837;7.687400964;0.083074667;0;0;0;0;0;0;0;0;0;0;0;0;0;0;0;0;user-2
19;19079;97;19;0;19;0;78;2;8646;4850;3796;13496;2.35E+07;0;0;0;0;1709.66872;771.4211686;-1;78.66959787;33.88095372;0;179.5892846;1147.919025;-30.25939523;1.828114995;128.6598083;1.883096646;2.883405536;0;21.98294794;8.314027484;13.68011733;29.07816857;1.829464068;0;0;0;0;0;0;0;0;0.586822372;0.384038596;0.005767013;1.21875;0.147485643;0.021874074;-0.939170213;0.005767013;user-2
20;56283;15;0;0;0;0;14;1;56179;0;56179;56179;0;0;0;0;0;773.49151;-277.5580151;1;65.26371219;19.67129218;0;80.39479584;386.9597359;-45.75075408;5.735160167;61.69924423;6.981062761;3.717177772;0;12.99371905;13.81741059;-0.623521648;-0.945747181;1.845602883;0;0;0;0;0;0;0;0;0;0;0;0;0;0;0;0;user-2
21;180000;2;0;0;0;0;1;1;180000;0;180000;180000;0;0;0;0;0;0;0;0;0;0;0;0;0;0;0;0;0;0;0;0;0;0;0;0;0;0;0;0;0;0;0;0;0;0;0;0;0;0;0;0;user-2
22;180000;2;0;0;0;0;1;1;180000;0;180000;180000;0;0;0;0;0;0;0;0;0;0;0;0;0;0;0;0;0;0;0;0;0;0;0;0;0;0;0;0;0;0;0;0;0;0;0;0;0;0;0;0;user-2
23;179568;33;0;0;0;1;32;2;88428.5;85980.5;2448;174409;7.39E+09;0;0;0;103;464.7236084;19.39291633;1;113.2674164;25.25428126;79.69515353;168.4762783;637.7787222;17.32740114;-0.920672515;168.4762783;0.53034597;0.475139959;0;1.726149425;0.22575798;0.444121469;-0.259640601;0;0;0;0;0;0;0;0;0;0;0;0;0;0;0;0;0;user-2
24;432;2;0;0;0;1;0;0;0;0;0;0;0;0;0;103;103;0;0;0;0;0;0;0;0;0;0;0;0;0;0;0;0;0;0;0;0;0;0;0;0;0;0;0;0;0;0;0;0;0;0;0;user-2
25;180001;3;0;0;0;0;2;1;179882;0;179882;179882;0;0;0;103;0;3;0.075630252;0;45;45;0;90;2025;0;0;90;0.012605042;0.012605042;0;0.025210084;1.59E-04;0;0;0.025210084;0;0;0;0;0;0;0;0;0;0;0;0;0;0;0;0;user-2
26;180001;2;0;0;0;0;1;1;180001;0;180001;180001;0;0;0;0;0;0;0;0;0;0;0;0;0;0;0;0;0;0;0;0;0;0;0;0;0;0;0;0;0;0;0;0;0;0;0;0;0;0;0;0;user-2
27;180000;2;0;0;0;0;1;1;180000;0;180000;180000;0;0;0;0;0;0;0;0;0;0;0;0;0;0;0;0;0;0;0;0;0;0;0;0;0;0;0;0;0;0;0;0;0;0;0;0;0;0;0;0;user-2
28;113523;197;126;9;117;1;70;7;17393.42857;24402.68612;2483;75909;5.95E+08;39164.57636;1.7773859;0;111;1076.767545;-146.9670586;1;38.96746448;64.37077199;0;176.8201699;4143.596287;80.92852486;-0.228683133;6.745579647;1.194163384;1.094440985;0;6.914658343;1.19780107;2.36089215;8.699480941;0;0.83183643;0.349939947;0.242424242;1.35483871;0.122457967;-0.055776564;-0.968525905;0.242424242;0.701655657;0.550314867;0.001364256;2.606060606;0.302846453;0.531108898;1.003054287;0.001364256;user-2
29;50207;366;143;7;136;2;221;6;8136.666667;4115.667571;3251;16073;1.69E+07;2822.6616;-0.286593181;111;207;3426.951592;-256.5985069;-1;62.17274677;65.98742483;0;176.1859252;4354.340236;25.30436248;-1.49532271;154.7988764;1.372422627;1.337586694;0.002898551;8.09197133;1.789138164;2.688923098;5.268651;0.03460091;1.148069386;0.3947529;0.647058824;1.66;0.155829852;-0.047046889;-1.617613574;0.647058824;0.50950563;0.334805967;0.001030473;1.515151515;0.112095035;0.096200558;0.190450762;0.001030473;user-2
30;16271;15;0;0;0;1;13;1;15625;0;15625;15625;0;0;0;207;0;579.9448149;-3535.975521;1;68.67808919;19.78349378;0;90;391.386626;-52.9678458;7.47499187;90;6.82594336;7.29444777;0;30.22002647;53.20896827;15.08512846;4.726934882;0.005434783;0;0;0;0;0;0;0;0;0;0;0;0;0;0;0;0;user-2
31;180000;2;0;0;0;0;1;1;180000;0;180000;180000;0;0;0;0;0;0;0;0;0;0;0;0;0;0;0;0;0;0;0;0;0;0;0;0;0;0;0;0;0;0;0;0;0;0;0;0;0;0;0;0;user-2
32;180000;187;23;1;22;0;163;5;34529.2;57608.84234;2448;149623;3.32E+09;68760.82916;0.239209636;0;0;3670.539267;8.542965076;1;73.55938228;61.11855878;0;178.5570865;3735.478227;21.40576655;-1.402359348;178.5570865;1.277818306;1.053138921;0;6.365532185;1.109101587;2.247092364;6.050828459;0;0;0;0;0;0;0;0;0;0.784559087;0.50455104;0.00294365;1.766666667;0.254571752;0.147140424;-0.838205994;0.00294365;user-2
33;31965;8;7;0;7;0;1;2;15899.5;13799.5;2100;29699;1.90E+08;0;0;0;0;0;0;0;0;0;0;0;0;0;0;0;0;0;0;0;0;0;0;0;0;0;0;0;0;0;0;0;0.4756668;0.295664236;1.68E-04;0.823529412;0.087417341;-0.083084251;-1.251063302;1.68E-04;user-2
34;18016;5;4;0;4;0;1;1;17846;0;17846;17846;0;0;0;0;0;14.86606875;0;-1;34.43157775;59.63724205;0;137.726311;3556.600639;51.64736662;-0.666666667;0;0;0;0;0;0;0;0;0;0;0;0;0;0;0;0;0;0.537722474;0.195063041;0.288461538;0.764705882;0.03804959;-0.022083813;-1.5;0.288461538;user-2
35;35965;57;32;0;32;0;25;3;10087.66667;2274.507175;7666;13132;5173382.889;591.556598;-1.5;0;0;265.3931956;-11.33266085;-1;53.8185459;73.38734654;0;175.6012946;5385.702632;53.79756546;-1.331491032;150.9453959;0.360323299;0.257125292;0.007352941;0.814900301;0.066113416;0.074787445;-1.433732217;0.605625302;0;0;0;0;0;0;0;0;0.472756591;0.313404976;3.91E-04;1.076923077;0.098222679;-0.021277314;-1.183639887;3.91E-04;user-2
36;26875;13;11;0;11;0;2;2;13345.5;4046.5;9299;17392;1.64E+07;0;0;0;0;21.54400375;0.150418811;1;20.78699623;36.3286759;0;90;1319.772692;40.37028502;-0.455598044;0;2.40E-04;0;2.40E-04;2.40E-04;0;0;0;2.40E-04;0;0;0;0;0;0;0;0;0.512062982;0.265758243;0.060606061;0.84375;0.070627444;-0.082942548;-1.141349383;0.060606061;user-2
37;14263;32;30;0;30;0;2;1;11273;0;11273;11273;0;0;0;0;0;10;0;0;2.903225806;15.90162264;0;90;252.8616025;81.47762747;26.03333333;0;0;0;0;0;0;0;0;0;0;0;0;0;0;0;0;0;0.600666651;0.342973953;0.005154639;1.181818182;0.117631132;-0.083294044;-1.08261442;0.005154639;user-2
38;52917;124;36;30;6;0;87;2;24583;22134;2449;46717;4.90E+08;0;0;0;0;2532.169355;-1062.212947;-1;60.7562183;54.80185189;0;179.445542;3003.24297;11.8165328;-1.325228458;90;2.44235987;1.875663755;0;7.323976038;3.518114522;2.251017955;0.685251089;0.044642857;2.219353503;1.633037305;0.006622517;5.454545455;2.666810838;0.58174179;-1.033652712;0.006622517;0.570075758;0.246282041;0.151515152;0.818181818;0.060654844;-0.113767112;-0.918182808;0.151515152;user-2
39;17107;69;0;0;0;0;69;2;7452;5115;2337;12567;2.62E+07;0;0;0;0;2706.527789;1536.423492;1;29.38350108;35.30549092;0;174.8055711;1246.477689;95.0348102;7.831205496;38.5183724;2.401501502;2.322391776;0;8.409518417;5.393503559;3.005698058;0.620996597;0.645573303;0;0;0;0;0;0;0;0;0;0;0;0;0;0;0;0;user-2
40;21385;118;13;1;12;0;105;2;9144.5;6696.5;2448;15841;4.48E+07;0;0;0;0;2061.978513;27.92810946;-1;23.34791156;37.87589308;0;174.2894069;1434.583277;93.13188393;5.568038628;32.47119229;1.325016308;0.72279214;0;5.215361924;0.522428478;0.973320325;6.840047805;2.370619056;0;0;0;0;0;0;0;0;1.052746719;0.323211256;0.264705882;1.352941176;0.104465516;-0.371488249;0.537330414;0.264705882;user-2
41;11327;18;0;0;0;0;18;1;11192;0;11192;11192;0;0;0;0;0;413.9753076;104.9386737;1;90.23283812;81.24178362;0;178.1523897;6600.227406;-4.613322549;-1.920881918;166.5042667;2.959287944;1.331151595;0;4.430874977;1.77196457;-0.994637105;-0.568390176;3.213740033;0;0;0;0;0;0;0;0;0;0;0;0;0;0;0;0;user-2
42;45448;14;0;0;0;0;14;1;45352;0;45352;45352;0;0;0;0;0;588.7418051;-157.056943;-1;143.7681189;19.18975376;86.71911923;160.5599652;368.2466495;-33.27238576;3.179502171;131.1859252;4.100747116;2.393443728;0;7.567405434;5.728572877;-0.285776058;-1.342600507;1.328768227;0;0;0;0;0;0;0;0;0;0;0;0;0;0;0;0;user-2
43;58415;264;105;32;73;0;159;4;12694;10150.7214;6537;30271;1.03E+08;8777.121045;-0.668059683;0;0;4412.067472;1164.710041;1;53.64748562;60.79346027;0;179.3444705;3695.844812;42.83255432;-1.044077557;169.6951535;1.899518603;1.504951117;0;5.349041493;2.264877865;1.094501009;-0.712804918;1.397542486;2.535952705;1.779395088;0.02994012;6.121212121;3.16624688;0.17897176;-1.174699446;0.02994012;1.153140087;1.340877681;0.008571429;8.088235294;1.797952954;4.007161886;11.22747987;0.008571429;user-2
44;26318;148;54;1;53;0;93;4;4405.75;1894.694352;2627;7585;3589866.688;1336.830763;-0.808343465;0;0;1585.505343;646.2758737;-1;55.23722756;46.12819987;0;143.1301024;2127.810824;-7.868466852;-1.647689794;90;1.803037423;1.287370632;0.001318392;4.924428901;1.657323144;0.512546727;-0.864591037;0.07751938;0;0;0;0;0;0;0;0;0.684713572;0.515530618;0.003166379;2.4;0.265771818;0.410220156;0.907135853;0.003166379;user-2
45;10606;87;30;19;11;1;56;2;2704.5;315.5;2389;3020;99540.25;0;0;0;91;964.9848051;902.8162037;1;32.53494384;40.94744461;0;167.0053832;1676.69322;60.01587871;1.80923155;0;1.644199991;2.006262536;0.004424779;9.575692014;4.025089363;4.570548128;5.490497953;4.126893505;2.695849207;1.855856895;0.015544041;5.833333333;3.444204816;0.511407686;-1.297838492;0.015544041;0.637178556;0.354337797;0.006006006;1.210526316;0.125555274;-0.021709445;-0.77604219;0.006006006;user-2
1;48898;40;6;0;6;1;33;2;22281.5;12132.5;10149;34414;1.47E+08;0;0;105;0;1400.823;-145.4619859;-1;86.32541347;72.79885976;0;175.9143832;5299.673982;2.422259115;-1.809855176;6.883804125;1.029831555;1.002275587;0;4.366062299;1.004556352;1.578038371;2.571926404;0;0;0;0;0;0;0;0;0;0.756306094;0.550155707;0.001280914;1.52;0.302671302;-0.032632804;-1.404516804;0.001280914;user-2
2;9538;56;10;0;10;0;45;1;3014;0;3014;3014;0;0;0;0;0;637.0712544;95.57732909;-1;101.0681605;64.6362451;0;175.6012946;4177.844181;-38.43384285;-1.295449935;0;1.032624724;0.596911464;0.006693474;2.335192712;0.356303296;-0.089859143;-0.553122345;1.510380747;0;0;0;0;0;0;0;0;0.530988929;0.25380849;0.121212121;0.848484848;0.06441875;-0.089683718;-1.204852954;0.121212121;user-2
3;32566;8;7;0;7;0;1;2;16202.5;2551.5;13651;18754;6510152.25;0;0;0;0;8.062257748;0;1;11.83928338;29.0002032;0;82.87498365;841.0117855;50.73978591;2.166666667;82.87498365;0;0;0;0;0;0;0;0;0;0;0;0;0;0;0;0;0.483715309;0.336039142;3.20E-04;0.933333333;0.112922305;-0.04995485;-1.418789548;3.20E-04;user-2
4;14031;7;7;0;7;0;0;1;13865;0;13865;13865;0;0;0;0;0;0;0;0;0;0;0;0;0;0;0;0;0;0;0;0;0;0;0;0;0;0;0;0;0;0;0;0;0.488850195;0.32092558;7.21E-04;0.896551724;0.102993228;-0.103028433;-1.359584184;7.21E-04;user-2
5;25846;19;19;0;19;0;0;3;8450;4061.787373;5235;14180;1.65E+07;1872.181542;-1.5;0;0;0;0;0;0;0;0;0;0;0;0;0;0;0;0;0;0;0;0;0;0;0;0;0;0;0;0;0;0.454736784;0.310657177;4.94E-04;0.848484848;0.096507881;-0.102212512;-1.559900298;4.94E-04;user-2
6;19853;7;7;0;7;0;0;1;19683;0;19683;19683;0;0;0;0;0;0;0;0;0;0;0;0;0;0;0;0;0;0;0;0;0;0;0;0;0;0;0;0;0;0;0;0;0.466900594;0.309731014;2.03E-04;0.848484848;0.095933301;-0.08804568;-1.405375214;2.03E-04;user-2
7;35909;21;20;0;20;0;1;4;9581.25;5660.485685;2777;18482;3.20E+07;2261.277924;-0.948320533;0;0;5.064495102;0.003417746;1;3.578252559;11.12345296;0;45;123.7312058;31.62971136;7.53595818;0;4.36E-04;0;4.36E-04;4.36E-04;0;0;0;4.36E-04;0;0;0;0;0;0;0;0;0.495809754;0.29047115;3.33E-04;0.903225806;0.084373489;-0.086784336;-1.066001773;3.33E-04;user-2
8;20356;13;13;0;13;0;0;2;10010.5;1977.5;8033;11988;3910506.25;0;0;0;0;0;0;0;0;0;0;0;0;0;0;0;0;0;0;0;0;0;0;0;0;0;0;0;0;0;0;0;0.453087996;0.313052178;9.18E-04;0.848484848;0.098001666;-0.087081928;-1.467360879;9.18E-04;user-2
9;11683;7;7;0;7;0;0;1;11523;0;11523;11523;0;0;0;0;0;0;0;0;0;0;0;0;0;0;0;0;0;0;0;0;0;0;0;0;0;0;0;0;0;0;0;0;0.473961538;0.349468521;4.34E-04;0.878787879;0.122128247;-0.069598199;-1.627252159;4.34E-04;user-2
10;16293;13;13;0;13;0;0;2;7981;3969;4012;11950;1.58E+07;0;0;0;0;0;0;0;0;0;0;0;0;0;0;0;0;0;0;0;0;0;0;0;0;0;0;0;0;0;0;0;0.465315162;0.30127957;5.86E-04;0.823529412;0.090769379;-0.095314343;-1.375180931;5.86E-04;user-2
11;3463;7;6;0;6;0;0;1;3296;0;3296;3296;0;0;0;0;0;0;0;0;0;0;0;0;0;0;0;0;0;0;0;0;0;0;0;0;0;0;0;0;0;0;0;0;0.55123185;0.240343333;0.172413793;0.84375;0.057764918;-0.058944264;-1.190428866;0.172413793;user-2
12;27168;154;57;22;35;1;96;6;4901.666667;2862.686074;2080;10283;8194971.556;1964.63324;-0.613831834;0;78;2435.303782;-783.2800812;1;55.6298597;52.08216356;0;158.1985905;2712.551762;17.87671508;-1.19137867;0;2.716322038;2.54792463;0.001133104;9.637978263;6.491919921;2.463140488;0.053285871;0.001133104;3.129170219;2.350743298;0.046666667;7.393939394;5.525994054;0.693086323;-1.192408922;0.046666667;0.653750427;0.408553056;0.009791922;1.676470588;0.1669156;0.174439319;-0.224593621;0.009791922;user-2
13;152832;106;0;0;0;1;104;1;148751;0;148751;148751;0;0;0;78;0;2941.301763;-709.339115;-1;82.41256228;26.45624637;0;178.5558745;699.9329721;23.04396765;4.04732504;90;2.89975759;2.240052816;0;7.986316422;5.017836617;1.810768566;-0.281554702;0.014880952;0;0;0;0;0;0;0;0;0;0;0;0;0;0;0;0;user-2
14;180000;32;0;0;0;0;31;3;59909.66667;65120.30996;6199;151552;4.24E+09;29351.77905;-1.5;0;0;1839.92358;1968.813287;-1;114.5268107;69.80272391;0;177.1375948;4872.420265;-57.45552872;-1.064253466;81.46923439;3.267042583;3.07297979;0;9.47117337;9.443204792;2.594205663;-0.844747968;0;0;0;0;0;0;0;0;0;0;0;0;0;0;0;0;0;user-2
15;116591;26;0;0;0;0;26;2;57597.5;28197.5;29400;85795;7.95E+08;0;0;0;0;1030.415766;495.5328735;-1;98.15695373;32.53661255;3.050494494;176.9606004;1058.631156;-13.0032317;1.713280572;176.9606004;1.567460732;1.318597086;0;4.685624625;1.738698274;1.450180997;0.255094187;0;0;0;0;0;0;0;0;0;0;0;0;0;0;0;0;0;user-2
16;16390;171;40;12;28;1;130;2;6500;2770;3730;9270;7672900;0;0;0;77;1918.788563;90.64697546;1;59.75591484;51.24358465;0;172.8749837;2625.904968;22.98089369;-0.992680591;90;0.935525607;0.735296174;0.015320878;3.298113252;0.540660463;0.851078101;1.139973102;3.25;2.488401803;1.576491023;0.172413793;5.363636364;2.485323946;0.378666582;-0.879952909;0.172413793;0.794503389;0.749635281;0.001525165;2.806451613;0.561953054;0.946752415;1.065668239;0.001525165;user-2
17;16512;36;0;0;0;2;34;2;7828;4749;3079;12577;2.26E+07;0;0;77;115;576.7436251;-101.1472858;1;133.8017798;56.9668032;0;174.8055711;3245.216666;-95.49498049;1.076108819;164.475889;1.60803734;1.174542686;0;3.834465413;1.379550521;0.302772663;-1.052752499;0;0;0;0;0;0;0;0;0;0;0;0;0;0;0;0;0;user-2
18;15832;5;0;0;0;1;4;1;14552;0;14552;14552;0;0;0;115;0;50.71302648;-3.847378855;-1;148.7164517;20.31717958;116.5650512;168.6900675;412.7877862;-10.07422306;-1.132275058;146.3099325;0.175456028;0.181133589;0;0.435012771;0.032809377;0.046912143;-1.55019413;0.011860366;0;0;0;0;0;0;0;0;0;0;0;0;0;0;0;0;user-2
19;14676;14;0;0;0;0;13;1;14579;0;14579;14579;0;0;0;0;0;178.821089;-50.12595009;-1;104.6716932;32.43325261;0;140.1944289;1051.915875;-73.31084011;5.481627325;90;1.709714421;0.658924708;0;2.928843628;0.434181771;-0.461443206;1.630868634;1.111111111;0;0;0;0;0;0;0;0;0;0;0;0;0;0;0;0;user-2
20;180000;69;10;6;4;0;58;3;59065;39834.63675;3092;92571;1.59E+09;-17702.44577;-1.5;0;0;1755.87676;-979.3271912;-1;99.20207051;48.17618288;0;175.2363583;2320.944597;-51.30561768;0.174920812;8.959372907;2.577541868;2.600601098;0;12.86252092;6.76312607;4.195298165;3.193045538;0;0.578370278;0.274855896;0.147058824;0.870967742;0.075545763;-0.124510118;-1.124921544;0.147058824;0.363263731;0.187298066;0.175965665;0.550561798;0.035080566;0;0;0.175965665;user-2
21;127903;682;287;23;264;1;394;25;5674.28;7066.264397;2063;38012;4.99E+07;26313.99411;14.66194844;0;50;6639.368774;2741.339471;1;50.49084079;58.43233533;0;179.0608091;3414.337812;38.24554178;-0.951394137;179.0608091;1.587047645;2.143791801;0;18.33712082;4.595843285;7.656114819;18.01689282;0;1.605254667;2.016279753;0.147058824;7.0625;4.065384043;3.471159769;1.892988772;0.147058824;0.973992032;0.743744952;0.001846722;3.764705882;0.553156554;0.643277073;0.61537715;0.001846722;user-2
22;17867;3;0;0;0;1;2;1;17031;0;17031;17031;0;0;0;50;0;413.5649438;-0.144091129;1;169.3710657;5.865292562;163.5057732;175.2363583;34.40165683;0;0;175.2363583;0.007201911;0.007201911;0;0.014403821;5.19E-05;0;0;0.014403821;0;0;0;0;0;0;0;0;0;0;0;0;0;0;0;0;user-2
23;14937;23;0;0;0;0;23;1;14761;0;14761;14761;0;0;0;0;0;1489.311707;1049.429409;-1;153.0338274;18.31174889;111.8014095;172.4053566;335.3201473;-15.65269858;-0.421185613;153.4349488;5.884373899;2.632027208;0;9.160785992;6.927567221;-2.012877028;-0.65572451;0.97827974;0;0;0;0;0;0;0;0;0;0;0;0;0;0;0;0;user-2
24;2686;30;6;6;0;1;23;0;0;0;0;0;0;0;0;0;66;264.3919124;24.0447118;-1;71.93221926;39.89974719;0;170.5376778;1591.989825;-9.608200329;0.409093228;72.89727103;0.817050112;0.629901612;0.003074377;2.080031397;0.396776041;0.391990501;-0.980171929;1.511274501;0.577575758;0.246508027;0.151515152;0.818181818;0.060766208;-0.131492471;-0.850171467;0.151515152;0;0;0;0;0;0;0;0;user-2
25;10089;108;23;23;0;2;83;2;2100;81;2019;2181;6561;0;0;66;52;1320.884659;28.95939389;-1;52.3055254;59.5537819;0;175.2363583;3546.652939;28.44663895;-1.3769246;113.6293777;1.025731248;1.378811584;0.012546156;9.013878189;1.901121385;3.994331044;11.93767469;0.012546156;0.732861334;0.417155022;0.009259259;1.5;0.174018312;-0.02146002;-0.910106262;0.009259259;0;0;0;0;0;0;0;0;user-2
26;6518;59;0;0;0;1;57;1;2424;0;2424;2424;0;0;0;52;0;771.9949302;-30.19240305;1;143.964559;36.57016833;0;176.4236656;1337.377212;-55.39079851;2.210656609;153.4349488;0.992439314;0.674246048;0.006457292;2.42706098;0.454607734;0.209232097;-0.925235677;0.006457292;0;0;0;0;0;0;0;0;0;0;0;0;0;0;0;0;user-2
27;2297;46;0;0;0;1;45;0;0;0;0;0;0;0;0;0;114;541.4332308;-86.23202469;-1;61.01142734;57.23674907;0;175.2363583;3276.045444;36.54895037;-0.860828624;162.897271;0.836436041;0.699947355;0.014322247;2.223610677;0.489926299;0.39832694;-0.973801568;0.75563725;0;0;0;0;0;0;0;0;0;0;0;0;0;0;0;0;user-2
28;4801;51;0;0;0;2;49;1;2570;0;2570;2570;0;0;0;114;68;960.9677519;36.27372288;-1;63.87102839;45.09492672;0;174.2894069;2033.552416;48.21534897;0.42556979;134.7787819;0.482471767;0.301684919;0.016939909;1.294432523;0.091013791;0.231814675;0.242152589;0.142522974;0;0;0;0;0;0;0;0;0;0;0;0;0;0;0;0;user-2
29;29616;417;120;73;47;2;295;4;3069.5;1043.488021;2106;4827;1088867.25;754.4756365;-0.791403547;68;40;4225.564411;413.1697315;1;48.04912551;49.82285279;0;176.8201699;2482.31666;44.04408207;-0.085055991;135;1.040105339;1.092910224;0.006723678;7.194833216;1.194452758;3.37400683;12.52025052;0.028569971;1.137816741;0.835942928;0.008174387;3.939393939;0.698800578;1.038445635;1.370587145;0.008174387;1.752089721;1.927843391;0.005649718;7.833333333;3.716580138;3.07969075;1.694763701;0.005649718;user-2
30;31278;171;20;1;19;1;150;2;11995;9988;2007;21983;9.98E+07;0;0;40;0;3005.304612;-518.3233785;-1;89.57129737;66.35831405;0;178.6677801;4403.425843;-9.043021135;-1.62509282;15.9453959;1.900822795;1.646030234;0;8.558621384;2.709415532;2.60220032;2.70410793;0.015294349;0;0;0;0;0;0;0;0;0.83822638;0.63081406;0.066666667;2.64;0.397926379;0.826688615;1.935251479;0.066666667;user-2
31;19344;53;34;15;19;0;19;2;10517.5;7816.5;2701;18334;6.11E+07;0;0;0;0;211.9295152;13.25212205;-1;15.90409174;32.85543419;0;165.9637565;1079.479556;88.16001627;7.924131386;42.70938996;0.532977826;0.469780892;0;1.425219281;0.220694086;0.383685115;-0.767468454;0.44229515;1.042897007;0.705287905;0.015772871;2.35483871;0.497431029;0.367412036;-0.914282792;0.015772871;0.861346913;0.705843066;0.006944444;2.606060606;0.498214434;0.743355527;0.468578555;0.006944444;user-2
32;89349;105;13;8;5;0;92;2;42453.5;34414.5;8039;76868;1.18E+09;0;0;0;0;2327.770369;-2307.790054;-1;78.49119076;50.25030853;0;172.3039483;2525.093508;-3.990890612;-1.009637964;0;2.862014015;2.928299907;0;12.80929838;8.574940345;4.198456282;1.569108041;0.428984589;0;0;0;0;0;0;0;0;0.544783186;0.28224992;0.090909091;0.848484848;0.079665017;-0.14728795;-0.97688967;0.090909091;user-2
33;893;30;0;0;0;1;29;0;0;0;0;0;0;0;0;0;82;704.3021893;760.5495162;-1;101.8401738;26.41503508;38.65980825;147.2647737;697.7540781;-2.679960703;-0.612039174;138.0127875;2.812018784;1.896207621;0.022310537;8.249579114;3.59560334;1.789594659;1.261493022;1.681703006;0;0;0;0;0;0;0;0;0;0;0;0;0;0;0;0;user-2
34;2423;30;12;0;12;1;16;0;0;0;0;0;0;0;0;82;0;286.9602149;-99.05105278;1;8.376440055;19.84135671;0;90;393.6794362;58.30324321;8.600309734;33.69006753;2.04041758;0.999787932;0.017849264;3.571428571;0.999575908;-0.658440783;-0.348615645;0.017849264;0;0;0;0;0;0;0;0;0.501887768;0.293310331;0.014577259;0.875;0.08603095;-0.116293722;-1.274128039;0.014577259;user-2
35;180000;208;84;8;76;0;123;12;15508.91667;23025.53112;2193;88447;5.30E+08;54578.85995;5.427582328;0;0;2167.649928;-195.9653478;1;46.15687755;47.4500453;0;179.5659494;2251.506799;35.99820961;-0.250006508;116.5650512;1.347426516;1.843729843;0;11.66190379;3.399339735;4.830628709;8.716654833;0;0.581639929;0.213644822;0.323529412;0.848484848;0.04564411;-0.035237433;-1.682397877;0.323529412;0.556384049;0.321278044;2.27E-04;1.454545455;0.103219581;0.023809814;-0.165263663;2.27E-04;user-2
36;28803;8;7;0;7;0;1;2;14318;2814;11504;17132;7918596;0;0;0;0;10.21954446;0;-1;36.7815989;61.73260093;0;167.4711923;3810.914018;68.56997719;0.038431556;90;0;0;0;0;0;0;0;0;0;0;0;0;0;0;0;0;0.488878637;0.288879109;1.17E-04;0.852941176;0.08345114;-0.094466238;-1.101887881;1.17E-04;user-2
37;21443;13;12;0;12;0;1;2;10554.5;4255.5;6299;14810;1.81E+07;0;0;0;0;19.10497317;0;1;11.07324197;36.72578882;0;132.8789036;1348.783564;101.504718;7.090909091;0;0;0;0;0;0;0;0;0;0;0;0;0;0;0;0;0;0.528320724;0.256201687;4.76E-04;0.852941176;0.065639304;-0.113522807;-0.753075953;4.76E-04;user-2
38;50409;292;66;0;66;1;225;8;6907.125;6457.003241;2520;23288;4.17E+07;10893.62414;2.247410033;0;74;4731.514232;-935.2662191;-1;100.9606459;67.14830866;0;178.1523897;4508.895355;-42.66332327;-1.34288148;114.7751406;1.949838938;1.645670028;0.002483559;7.236097782;2.70822984;1.746303863;0.510850828;0.894863816;0;0;0;0;0;0;0;0;0.495076919;0.283944821;4.68E-04;0.852941176;0.080624661;-0.119128708;-1.077341282;4.68E-04;user-2
39;27009;36;26;0;26;1;9;2;11869.5;9861.5;2008;21731;9.72E+07;0;0;74;0;101.6774795;-0.849748235;1;37.58247224;49.86437147;0;138.3664607;2486.455542;31.80636189;-1.389158649;108.4349488;0.106993851;0.112947884;0.004724518;0.308758835;0.012757224;0.080916533;-1.021500045;0.071869947;0;0;0;0;0;0;0;0;0.63469695;0.419903959;2.30E-04;1.636363636;0.176319335;0.321971074;0.457584002;2.30E-04;user-2
40;52336;49;6;0;6;0;42;1;48930;0;48930;48930;0;0;0;0;0;991.5019121;1372.882131;1;68.7773485;60.02204426;0;176.9872125;3602.645797;38.11470206;-1.196093254;0;2.443612396;2.654878377;0;9.446951781;7.048379195;3.093884062;0.181835769;1.007782219;0;0;0;0;0;0;0;0;0.567557932;0.240855124;0.151515152;0.818181818;0.058011191;-0.123525635;-0.827928891;0.151515152;user-2
41;91581;78;0;0;0;0;78;2;44127.5;6006.5;38121;50134;3.61E+07;0;0;0;0;1809.076468;-59.19757229;-1;82.00192673;66.79747457;0;177.7974018;4461.902608;8.039604408;-1.695862601;88.909937;1.342099898;1.226454086;0;5.854912467;1.504189625;1.799746629;1.908707764;0;0;0;0;0;0;0;0;0;0;0;0;0;0;0;0;0;user-2
42;1343;45;0;0;0;1;44;0;0;0;0;0;0;0;0;0;68;1108.588412;-1121.52908;-1;89.31263858;49.08531303;0;174.8055711;2409.367956;-12.10227537;-0.831490535;10.61965528;2.820372789;2.900559418;0.015811388;11.627729;8.413244938;4.514391011;1.885738288;11.627729;0;0;0;0;0;0;0;0;0;0;0;0;0;0;0;0;user-2
43;67803;96;22;0;22;1;73;4;17821.5;20997.5751;3616;54099;4.41E+08;17911.08549;-0.679973944;68;0;1086.283806;97.4262343;1;67.05518511;75.99186077;0;177.1375948;5774.762903;35.31485205;-1.644253529;0;1.178994384;0.814575581;0;4.5607017;0.663533377;0.951295613;3.089848421;0.053571429;0;0;0;0;0;0;0;0;0.878104932;0.558398926;0.003275109;2.03030303;0.311809361;0.393709575;-0.355057937;0.003275109;user-2
44;19274;213;0;0;0;0;212;3;3571;348.7300771;3224;4048;121612.6667;117.9562984;-1.5;0;0;4654.255753;383.7175184;1;99.27266545;47.45970371;0;178.1221226;2252.423476;-10.86954709;-0.588684536;73.00917671;1.991007964;1.729674689;0.006543121;7.62909726;2.99177453;2.239260597;1.206110874;4.182562272;0;0;0;0;0;0;0;0;0;0;0;0;0;0;0;0;user-2
45;14026;6;0;0;0;0;6;1;11416;0;11416;11416;0;0;0;0;0;54.19742512;-3.200126549;-1;128.9566871;15.98642265;99.46232221;143.1301024;255.565709;-12.49205509;-0.435481157;143.1301024;0.070634244;0.099557904;0;0.265753645;0.009911776;0.108221249;0.04653919;0.024875622;0;0;0;0;0;0;0;0;0;0;0;0;0;0;0;0;user-2
46;21592;72;0;0;0;0;72;3;6720.333333;5230.364317;2050;14023;2.74E+07;2187.837689;-1.5;0;0;2012.394195;209.8872468;1;102.7742393;66.95592402;0;177.7974018;4483.095761;-35.08101202;-1.34147408;33.69006753;2.909560629;2.253523081;0;14.65529862;5.078366276;4.599493142;8.231621673;0.002645953;0;0;0;0;0;0;0;0;0;0;0;0;0;0;0;0;user-2
47;10496;8;0;0;0;0;8;1;10448;0;10448;10448;0;0;0;0;0;592.7239502;184.6344941;-1;127.1119996;48.27239308;8.9305901;149.1842942;2330.223934;-84.27537657;2.156989517;149.1842942;6.788337595;2.803647087;0;8.736596878;7.860436986;-4.664911072;1.960311443;8.296271753;0;0;0;0;0;0;0;0;0;0;0;0;0;0;0;0;user-2
48;51464;350;257;120;137;1;92;8;7376.5;6992.528137;2189;24231;4.89E+07;10073.81888;1.330686245;0;92;1709.135342;105.3158996;1;27.58618621;51.53330799;0;176.6335393;2655.681832;82.12837085;1.00456316;99.46232221;1.082886607;0.74129902;0.001771316;3.01357473;0.549524236;0.110558828;-0.982374859;0.380172658;0.842642747;0.68757051;0.002196595;3.848484848;0.472753206;1.033433236;3.021278549;0.002196595;0.718337253;0.567928891;0.002356638;2.441176471;0.322543225;0.568800718;0.811741808;0.002356638;user-2
49;15450;18;1;0;1;1;16;1;15099;0;15099;15099;0;0;0;92;0;655.739907;-47.43864096;-1;152.0310623;17.67873038;82.49804317;162.897271;312.5375078;-58.88437803;11.0968802;161.5650512;2.824659032;1.607518454;0;4.990616194;2.584115579;-0.517654496;-1.158869348;0.058833073;0;0;0;0;0;0;0;0;0;0;0;0;0;0;0;0;user-2
50;2357;52;5;0;5;1;46;0;0;0;0;0;0;0;0;0;74;794.4986246;-813.4305212;1;126.5852597;57.15064263;0;174.8055711;3266.195953;-76.54729718;0.471275638;0;1.520920362;1.832677064;0.028632678;7.747983609;3.358705221;4.077373483;4.282738524;3.557562368;0;0;0;0;0;0;0;0;0.682454137;0.208710809;0.34375;0.861111111;0.043560202;-0.123007586;-1.031681663;0.34375;user-2
51;27856;19;7;0;7;1;11;1;27028;0;27028;27028;0;0;0;74;0;730.7758536;8.73377525;-1;138.5702293;43.55650954;0;170.5376778;1897.169523;-91.75473833;3.943509124;135;0.369173164;0.199358762;0.005784105;0.688511759;0.039743916;0.013658809;-0.837530183;0.005784105;0;0;0;0;0;0;0;0;1.413547237;0.707664884;0.705882353;2.121212121;0.500789588;0;0;0.705882353;user-2
52;36759;64;54;1;53;0;9;7;7161.571429;5546.492298;2168;19900;3.08E+07;7265.474903;1.149431777;0;0;368.9847643;92.22215295;-1;18.65335312;37.78155233;0;128.1572266;1427.445696;62.09705201;1.10038648;128.1572266;1.276111755;1.791701723;3.72E-04;5.852349955;3.210195066;2.683909824;1.848990296;1.780449381;0;0;0;0;0;0;0;0;0.596583338;0.433008983;4.45E-04;2.03030303;0.18749678;0.493003376;2.138169656;4.45E-04;user-2
53;63880;55;35;6;29;0;20;5;13560.2;16479.13628;2368;46053;2.72E+08;18464.12875;0.104017517;0;0;233.2482853;-12.86518695;-1;45.15098593;60.23187264;0;163.3007558;3627.878482;49.65207853;-0.917165318;0;0.242056135;0.241151886;0.005743864;0.850091907;0.058154232;0.257753967;0.266078355;0.321738442;0.575757576;0.212750904;0.272727273;0.848484848;0.045262947;-0.020993355;-1.459459776;0.272727273;0.520225882;0.260564482;0.001360544;0.848484848;0.067893849;-0.142885631;-0.79459327;0.001360544;user-2
54;36137;69;56;0;56;0;13;4;9415.75;10287.4791;2118;26978;1.06E+08;8184.779397;-0.749855055;0;0;145.4159281;-7.243172205;1;40.64738693;64.77271306;0;174.8055711;4195.504358;67.66049941;-0.71698517;174.8055711;0.378899487;0.242889435;0.023969721;0.71076741;0.058995278;0.044506093;-1.556811492;0.690335064;0;0;0;0;0;0;0;0;0.521064246;0.330280695;9.44E-04;1.323529412;0.109085338;0.020391478;-0.473877776;9.44E-04;user-2
55;41664;134;0;0;0;0;134;3;12180;11013.10459;2763;27632;1.21E+08;4826.849503;-1.5;0;0;2563.360114;-1222.368487;1;83.84701576;39.21058221;0;179.1574757;1537.469758;6.462148309;-0.121545037;127.8749837;1.70864585;3.449847051;0;35.67211796;11.90144467;25.87001057;68.53740668;1.628822036;0;0;0;0;0;0;0;0;0;0;0;0;0;0;0;0;user-2
56;737;32;0;0;0;1;31;0;0;0;0;0;0;0;0;0;69;882.9749843;-77.9797954;-1;140.1707448;34.087008;52.12501635;171.8698976;1161.924114;-31.57854317;-0.430544081;107.7446716;3.214411974;2.666320442;0.021808811;7.564687026;7.109264697;0.607574868;-1.535908374;2.62488095;0;0;0;0;0;0;0;0;0;0;0;0;0;0;0;0;user-2
57;34351;127;22;22;0;1;104;2;15752;13358;2394;29110;1.78E+08;0;0;69;0;2048.117965;729.073661;1;65.96691617;53.44367388;0;179.248623;2856.226278;23.99884556;-0.666383249;155.5560452;1.582195783;1.236818157;0;5.221649644;1.529719153;1.798028059;1.825703121;0.152949949;1.416077251;1.212406761;0.003333333;4.235294118;1.469930154;0.967852382;-0.383099852;0.003333333;0;0;0;0;0;0;0;0;user-2
58;3231;59;0;0;0;0;58;1;2456;0;2456;2456;0;0;0;0;0;1248.927095;942.4706414;1;94.78609151;59.29191307;0;177.5104471;3515.530956;-17.87154928;-1.268921356;72.89727103;1.813971153;0.873801808;0.125;4.722549008;0.7635296;0.42713558;1.029219884;1.700183814;0;0;0;0;0;0;0;0;0;0;0;0;0;0;0;0;user-2
59;29920;7;0;0;0;0;7;2;14928.5;3239.5;11689;18168;1.05E+07;0;0;0;0;875.0025345;247.8597733;-1;36.25366146;27.65848681;10.30484647;93.94518623;764.9918924;29.94050215;0.337388069;93.94518623;1.685911601;1.833330755;0;5.065199897;3.361101658;1.23079707;-0.768646865;0;0;0;0;0;0;0;0;0;0;0;0;0;0;0;0;0;user-2
60;643;38;0;0;0;1;37;0;0;0;0;0;0;0;0;0;71;817.4197604;444.0110002;-1;56.42484639;42.52969122;0;165.9637565;1808.774635;37.78758732;0.429432496;161.5650512;2.515160816;1.36145314;0.122390109;4.596194078;1.853554654;-0.155790876;-1.445272934;1.185854123;0;0;0;0;0;0;0;0;0;0;0;0;0;0;0;0;user-2
61;36677;84;24;18;6;1;59;1;33640;0;33640;33640;0;0;0;71;0;2935.953675;-1393.035896;1;64.94067132;62.77729266;0;179.7046635;3940.988474;28.31956687;-1.375152431;56.30993247;2.687004957;1.777188408;0;7.4885329;3.158398636;1.611710231;0.222755311;0.014251191;2.6203721;2.28138584;0.030075188;7.484848485;5.204721352;1.68938595;-0.607932465;0.030075188;0.563814617;0.23345824;0.176470588;0.818181818;0.05450275;-0.087107239;-1.012390886;0.176470588;user-2
62;25539;178;56;24;32;1;121;5;3742.8;1479.068545;2287;5768;2187643.76;454.0310765;-1.73879718;0;85;2298.475961;7.111847509;1;46.06793628;60.82841576;0;176.9872125;3700.096164;64.14401577;-0.480566142;164.9315118;1.1262392;0.800787084;7.95E-04;4.069705149;0.641259955;0.961671877;2.088980776;3.365728004;0.748222673;0.472745427;0.019704433;1.82;0.223488239;0.224365302;-0.202915358;0.019704433;0.568153948;0.310628227;0.009320905;1.060606061;0.096489896;-0.122021219;-1.010912443;0.009320905;user-2
63;73492;476;386;96;290;2;88;7;12581;10122.71372;2136;30127;1.02E+08;4328.725188;-1.214620704;85;130;1401.377566;-278.3972284;-1;15.5630006;42.04903434;0;175.2363583;1768.121289;118.5654001;6.619857214;109.093492;1.406043649;1.08181637;0;5.947045228;1.170326657;1.569651601;3.199633598;0;2.614418455;2.286273346;0.012820513;7.818181818;5.227045813;1.468160082;-0.796459028;0.012820513;0.909637054;0.851875364;4.23E-04;4.529411765;0.725691636;1.296416044;2.478507106;4.23E-04;user-2
64;13729;8;6;1;5;1;0;1;13320;0;13320;13320;0;0;0;130;0;3.16227766;0;-1;15.49070697;37.94432784;0;108.4349488;1439.772015;66.38874418;2.166666667;108.4349488;0;0;0;0;0;0;0;0;0;0;0;0;0;0;0;0;0.549688057;0.292138982;0.121212121;0.848484848;0.085345185;-0.087333901;-1.454302671;0.121212121;user-2
65;25879;40;27;0;27;0;13;4;8104.5;3506.336728;2325;11272;1.23E+07;-2252.308984;-0.93456049;0;0;163.3489926;-70.63342494;1;16.66293287;40.57100732;0;173.2901632;1646.006635;117.6292943;8.001925851;0;1.288588856;0.730702617;0.00551586;2.634155559;0.533926314;-0.063938132;-0.517976331;1.555555556;0;0;0;0;0;0;0;0;0.570964574;0.316232955;0.003745318;1.060606061;0.100003282;-0.103492062;-0.938610164;0.003745318;user-2
66;50735;62;30;0;30;0;32;5;10535.8;7416.201464;4424;24508;5.50E+07;6683.342383;-0.319742746;0;0;389.9246613;15.96986762;-1;47.99083392;55.99995407;0;163.3007558;3135.994856;43.78985872;-0.779240307;60.2551187;0.506451627;0.540057184;8.38E-04;1.525819452;0.291661762;0.355805796;-1.207257764;1.007782219;0;0;0;0;0;0;0;0;0.527932619;0.262519424;9.89E-04;0.848484848;0.068916448;-0.132041863;-0.907099057;9.89E-04;user-2
67;27560;186;72;1;71;1;113;7;4788.857143;1310.694301;3530;7027;1717919.551;857.5626173;-1.128900216;0;106;2567.326087;969.7626139;1;71.01919461;73.22665718;0;177.7615651;5362.143322;22.49711921;-1.651982566;16.69924423;1.484637509;1.213346077;0.004929015;4.759858191;1.472208702;0.730138423;-0.367081924;0.316372925;0;0;0;0;0;0;0;0;0.583014011;0.369599088;0.004780115;1.821428571;0.136603485;0.213338156;0.982772916;0.004780115;user-2
68;49732;231;69;30;39;1;161;4;12867;5583.890087;6750;19020;3.12E+07;8.38933993;-1.957049717;106;0;4611.543563;1487.984102;-1;68.26933203;78.17650955;0;178.3153157;6111.566646;37.6173894;-1.677850472;162.9878354;1.930542608;1.676769096;0;8.505700369;2.8115546;3.061334676;3.624774647;0;0.491209189;0.263762939;0.021126761;0.818181818;0.069570888;-0.079011274;-1.189702755;0.021126761;0.618556137;0.308663967;4.44E-04;1.181818182;0.095273445;-0.052997746;-0.662631105;4.44E-04;user-2
69;22444;31;13;13;0;0;18;1;20608;0;20608;20608;0;0;0;0;0;237.9554626;6.704085307;-1;39.16098555;47.36696177;0;162.897271;2243.629067;51.63747769;0.034963365;0;0.742013858;0.62720925;0;2.236067977;0.393391444;0.679222011;0.203885543;2.236067977;0.494286784;0.27624213;0.021459227;0.848484848;0.076309715;-0.058336165;-1.295920179;0.021459227;0;0;0;0;0;0;0;0;user-2
70;3651;20;12;0;12;0;7;1;2035;0;2035;2035;0;0;0;0;0;79.59441532;-17.53774419;-1;24.01105531;54.24232923;0;174.8055711;2942.230281;109.5112745;2.914824135;29.0546041;0.412379103;0.241290251;0.013535703;0.75;0.058220985;-0.051853799;-1.14424888;0.183850538;0;0;0;0;0;0;0;0;0.507440398;0.278656484;0.002457002;0.823529412;0.077649436;-0.132924712;-1.067436949;0.002457002;user-2
71;43384;24;14;0;14;0;10;2;20969;4566;16403;25535;2.08E+07;0;0;0;0;127.1042455;3.57976689;1;22.26249318;39.96372901;0;142.1250163;1597.099636;70.90226324;2.04425259;0;0.538338112;0.396965067;0;1.185854123;0.157581264;-0.018074221;-1.236496444;0;0;0;0;0;0;0;0;0;0.504983916;0.260140129;0.090909091;0.848484848;0.067672887;-0.051668209;-1.323672078;0.090909091;user-2
72;117653;239;90;33;57;0;149;8;15843.875;21904.73591;2622;71871;4.80E+08;38447.16963;2.396809944;0;0;5235.170126;787.4203088;1;63.57153186;74.69555407;0;178.2100894;5579.425798;40.41917421;-1.537043225;0;2.044193784;1.342789969;0;6.562202374;1.803084902;1.312973268;0.746942832;2.095381827;1.803607589;1.761559982;0.002923977;6.818181818;3.10309357;1.871753008;0.212918811;0.002923977;0.581111414;0.427895801;7.39E-04;1.882352941;0.183094816;0.404025259;1.373764405;7.39E-04;user-2
73;3903;31;0;0;0;1;30;1;2344;0;2344;2344;0;0;0;0;88;403.012128;-79.13753967;-1;97.27885617;65.47286521;0;174.8055711;4286.696079;0.569719341;-1.854823763;168.111342;1.003791017;0.615824981;0.00152439;2.42706098;0.379240408;-0.081798553;-0.7062651;2.42706098;0;0;0;0;0;0;0;0;0;0;0;0;0;0;0;0;user-2
74;15060;26;24;13;11;1;0;1;11194;0;11194;11194;0;0;0;88;0;5;0.029411765;1;3.6;17.63632615;0;90;311.04;79.488;20.04166667;0;0;0;0;0;0;0;0;0;0.530521764;0.257008829;0.001737619;0.848484848;0.066053538;-0.122968604;-0.7695989;0.001737619;2.910558586;2.082918339;0.035175879;6.696969697;4.338548808;0.870469092;-0.854235997;0.035175879;user-2
75;108347;6;0;0;0;0;6;3;36075.33333;46909.98566;2579;102415;2.20E+09;22110.36558;-1.5;0;0;111.9050626;-9.869258943;1;94.55119925;54.47768606;6.009005957;175.2363583;2967.818278;-9.048482759;-0.639777475;109.9831065;0.287891706;0.526129574;0;1.337954953;0.276812328;0.624929092;0.228547585;0.004538464;0;0;0;0;0;0;0;0;0;0;0;0;0;0;0;0;user-2
76;21016;30;0;0;0;0;30;1;20753;0;20753;20753;0;0;0;0;0;868.0489657;-188.9378922;-1;117.7983082;30.79567828;75.96375653;169.3803447;948.3738007;8.014238676;-1.445312231;169.3803447;2.242391312;1.094397327;0;3.970595044;1.19770551;-0.085160646;-0.940329605;2.034852575;0;0;0;0;0;0;0;0;0;0;0;0;0;0;0;0;user-2
77;17775;27;0;0;0;0;27;1;17361;0;17361;17361;0;0;0;0;0;1169.901219;-33.1605464;1;146.0428493;30.83830398;36.86989765;171.8698976;951.0009925;-55.49597266;3.650022672;170.2724214;2.332085056;1.703536387;0;4.638493829;2.902036221;0.271781377;-1.632796309;4.438820226;0;0;0;0;0;0;0;0;0;0;0;0;0;0;0;0;user-2
78;5353;24;6;1;5;1;17;2;4177.5;88.5;4089;4266;7832.25;0;0;0;79;211.7381305;8.455121304;1;84.10869965;46.66125858;0;139.3987054;2177.273052;-44.59156073;-0.420061133;105.2551187;0.37721469;0.297056284;0.010899183;1.152443057;0.088242436;0.377761867;1.324919394;0.35630482;0;0;0;0;0;0;0;0;0.575674326;0.306299005;0.192307692;0.928571429;0.093819081;-0.015321255;-1.79034888;0.192307692;user-2
79;27509;37;0;0;0;1;35;2;12934.5;7496.5;5438;20431;5.62E+07;0;0;79;0;911.3155968;104.4533387;-1;71.36259316;68.66004;0;174.8055711;4714.201093;30.34208366;-1.58802348;19.94902218;1.679727807;1.647327823;0;5.257435211;2.713688956;1.60409037;-0.286535296;0;0;0;0;0;0;0;0;0;0;0;0;0;0;0;0;0;user-2
80;106890;214;116;21;95;0;98;9;13849;17264.8945;2702;59912;2.98E+08;30784.36292;2.700510573;0;0;3346.159726;2639.398433;-1;34.62844534;46.67142699;0;175.9143832;2178.222097;54.03457831;0.417015465;135;2.358830055;2.38345633;0;11.89070599;5.680864079;3.952792751;2.43190989;0.004123072;2.171402502;2.114219314;0.001428571;6.939393939;4.469923309;1.809185335;-0.424006726;0.001428571;0.520681455;0.312075656;9.43E-04;1.242424242;0.097391215;-0.071458857;-0.955620505;9.43E-04;user-2
1;77512;332;328;316;12;1;3;4;21326;19573.07729;3925;53728;3.83E+08;12917.33891;-0.913001742;95;0;2127.042789;-3878.557641;1;2.996579648;17.44892652;0;148.8469707;304.4650365;104.9363636;37.00541196;139.7201369;0.12241963;0.104877176;0;0.256147778;0.010999222;0.011220866;-1.5;0.256147778;0.502534417;0.513452651;0.037037037;1.235294118;0.263633625;0.271588697;-1.500319606;0.037037037;0.276945739;0.179655421;0.025;0.515151515;0.03227607;0.019169514;-1.430865223;0.025;user-3
2;43639;120;49;0;49;0;71;6;7320.833333;3569.869205;3308;14008;1.27E+07;2511.93638;-0.60502299;0;0;1028.413574;-64.20233884;-1;54.1714854;66.81818988;0;178.6360725;4464.670499;46.67219375;-1.170029225;0;1.372144902;0.747370381;8.24E-04;3.288818409;0.558562487;0.049871173;-0.308056618;1.4;0;0;0;0;0;0;0;0;0.530833765;0.381324991;3.57E-04;1.636363636;0.145408749;0.256771438;0.743376497;3.57E-04;user-3
3;39572;91;69;0;69;0;21;8;5158.75;3301.194547;2667;13082;1.09E+07;4529.822074;1.268864719;0;0;246.6068499;42.93610668;1;28.35386819;49.0137883;0;168.6900675;2402.351443;65.23178345;0.274341531;0;0.225453705;0.270212976;3.75E-04;0.933333333;0.073015053;0.34737767;0.801817317;0.199068093;0;0;0;0;0;0;0;0;0.574279596;0.363332755;4.89E-04;1.821428571;0.132010691;0.237646221;0.986091206;4.89E-04;user-3
4;36876;63;62;0;62;0;1;4;8112;3775.240191;4363;13577;1.43E+07;1044.076133;-1.511565232;0;0;16.82842712;0.088390472;1;4.35483871;17.53990545;0;90;307.648283;71.48824712;16.27125164;45;2.92E-04;0;2.92E-04;2.92E-04;0;0;0;2.92E-04;0;0;0;0;0;0;0;0;0.985182445;0.970142385;2.07E-04;5.307692308;0.941176248;1.849417531;5.031097504;2.07E-04;user-3
5;70775;268;122;0;122;0;146;6;10928.33333;13224.3;2777;40112;1.75E+08;18627.0111;1.00817914;0;0;7073.797069;1508.730522;1;43.6208232;53.64607523;0;178.6677801;2877.901388;63.62099244;0.399208905;0;4.369339224;4.435818784;0;26.2488095;19.67648829;8.14998402;4.414754033;2.498979384;0;0;0;0;0;0;0;0;0.954095459;0.706342466;0.001350986;3;0.498919679;0.598258425;0.109253218;0.001350986;user-3
6;712;27;0;0;0;1;26;0;0;0;0;0;0;0;0;0;95;758.0365511;567.305106;1;104.6024671;62.86763932;0;175.9143832;3952.340073;-21.56971091;-1.413038235;142.1250163;1.397700295;0.608869384;0.010416667;2.657536453;0.370721926;-0.33874622;0.189986072;1.266861583;0;0;0;0;0;0;0;0;0;0;0;0;0;0;0;0;user-3
7;22184;86;0;0;0;1;85;2;10448;6080;4368;16528;3.70E+07;0;0;95;0;3349.656925;2906.345665;-1;87.79319849;50.3059496;0;177.1375948;2530.688566;13.69265736;-0.806793456;173.2901632;4.122760546;3.258633573;0;11.89143599;10.61869276;2.941262246;-0.099982788;0.237739483;0;0;0;0;0;0;0;0;0;0;0;0;0;0;0;0;user-3
8;21462;23;14;1;13;0;9;1;18450;0;18450;18450;0;0;0;0;0;430.6185625;107.0958953;1;18.8047352;42.92065115;0;165.9637565;1842.182295;98.8427127;4.605051817;0;1.521271011;1.534681821;0.167497927;5.25594901;2.355248291;2.146029409;1.553582514;1.454545455;0;0;0;0;0;0;0;0;0.627627505;0.462576603;0.00596206;1.382352941;0.213977114;0.061058941;-1.140261701;0.00596206;user-3
9;27990;307;134;65;69;0;172;3;7771;6074.416241;3394;16361;3.69E+07;2861.94191;-1.5;0;0;3847.775134;776.976517;-1;52.25969337;73.45754908;0;178.1221226;5396.011516;65.28275305;-1.03545687;0;2.408067519;1.819021987;0.002440637;7.62909726;3.308840991;1.449114802;-0.054910065;0.002440637;0.699511068;0.498952397;0.002071823;2.03030303;0.248953494;0.376518484;0.245238145;0.002071823;0.641871099;0.488624665;0.002578981;2.606060606;0.238754064;0.759587841;4.007519252;0.002578981;user-3
10;20468;24;0;0;0;0;24;2;10146;1719;8427;11865;2954961;0;0;0;0;1277.106136;-1032.423953;-1;71.9144607;21.39570198;0.392430709;99.3601908;457.7760634;-33.16248235;2.942131625;0.392430709;4.287104101;2.420201131;0;8.653936965;5.857373516;0.161446967;-0.790362375;0.034651341;0;0;0;0;0;0;0;0;0;0;0;0;0;0;0;0;user-3
11;24023;57;0;0;0;0;57;2;11600;4632;6968;16232;2.15E+07;0;0;0;0;1683.987554;368.8121586;-1;106.7596168;37.85018466;14.03624347;165.9637565;1432.636479;-17.23752772;-0.568858037;90;3.314484012;3.48132454;0;12.14369745;12.11962055;5.015986227;0.921537612;9.75;0;0;0;0;0;0;0;0;0;0;0;0;0;0;0;0;user-3
12;135509;49;0;0;0;0;48;1;134790;0;134790;134790;0;0;0;0;0;842.2189297;302.820737;-1;91.80650431;31.45019055;0;153.4349488;989.1144858;-25.96314809;0.917383243;59.03624347;1.727104478;1.512204864;0;6.208946803;2.286763551;2.322343277;1.658263237;1.457737974;0;0;0;0;0;0;0;0;0;0;0;0;0;0;0;0;user-3
13;127522;8;7;0;7;0;1;2;63678;49462;14216;113140;2.45E+09;0;0;0;0;1348.203144;0;1;46.6902461;74.27602383;0;178.72697;5516.927716;62.94558492;-0.965437877;178.72697;0;0;0;0;0;0;0;0;0;0;0;0;0;0;0;0;0.473813655;0.308467227;9.14E-04;0.84375;0.09515203;-0.083196953;-1.355904419;9.14E-04;user-3
14;37758;184;62;0;62;1;121;7;6892.571429;5498.707143;2201;19003;3.02E+07;6231.089963;0.52597165;0;52;1548.521946;-149.645663;-1;58.88885829;71.72152892;0;177.1375948;5143.97771;41.48619202;-1.452635942;0;0.861806197;0.699801465;5.75E-04;3.535533906;0.489722091;0.630297542;0.662122075;0.122827135;0;0;0;0;0;0;0;0;0.606830999;0.42608498;0.002138903;1.545454545;0.18154841;0.12313212;-0.66643306;0.002138903;user-3
15;14720;5;0;0;0;1;3;1;14088;0;14088;14088;0;0;0;52;0;35.69447166;4.722524228;-1;61.59265557;36.19019397;0;90;1309.73014;-28.23636681;-0.763884166;90;0.170705967;0.16049743;0;0.345167532;0.025759425;6.61E-04;-1.974985697;0.021428571;0;0;0;0;0;0;0;0;0;0;0;0;0;0;0;0;user-3
16;180001;52;0;0;0;0;51;3;59841;68853.02385;7386;157114;4.74E+09;32158.39598;-1.5;0;0;2534.59188;-137.2292671;1;83.79430078;30.94291379;0;178.5826616;957.4639139;18.52299918;1.304053891;48.74616205;5.0426618;8.199755729;0;50;67.23599402;31.49504878;16.89424269;0;0;0;0;0;0;0;0;0;0;0;0;0;0;0;0;0;user-3
17;180001;2;0;0;0;0;1;1;180001;0;180001;180001;0;0;0;0;0;0;0;0;0;0;0;0;0;0;0;0;0;0;0;0;0;0;0;0;0;0;0;0;0;0;0;0;0;0;0;0;0;0;0;0;user-3
1;511;4;0;0;0;2;2;0;0;0;0;0;0;0;0;1785;85;20;-0.244219191;-1;0;0;0;0;0;0;0;0;0.04113215;0.017794637;0.0234375;0.06547619;3.17E-04;0.006030412;-1.5;0.034482759;0;0;0;0;0;0;0;0;0;0;0;0;0;0;0;0;user-3
2;4176;98;0;0;0;2;96;0;0;0;0;0;0;0;0;85;99;2043.119272;-207.7376602;-1;91.81577391;72.04161739;0;177.9174347;5189.994636;-21.73644974;-1.7230547;137.6025622;2.121480566;1.85548435;0.011363636;9.551032521;3.442822171;2.548576808;1.931078989;0.039674934;0;0;0;0;0;0;0;0;0;0;0;0;0;0;0;0;user-3
3;800;22;0;0;0;2;20;0;0;0;0;0;0;0;0;99;111;255.0722091;-1.910944757;-1;135.1596531;47.57059566;0;175.6012946;2262.961572;-62.58971023;0.883860698;81.25383774;1.001015399;0.757568853;0.021627168;2.973213749;0.573910567;0.675655698;0.228804817;0.054803943;0;0;0;0;0;0;0;0;0;0;0;0;0;0;0;0;user-3
4;36896;18;0;0;0;1;17;2;17564.5;15348.5;2216;32913;2.36E+08;0;0;111;0;1019.581058;-14.60493144;-1;110.466077;41.50665592;5.710593137;159.1036869;1722.802486;-52.76076395;0.807210923;130.3381269;0.317138785;0.174725053;0;0.560567669;0.030528844;-0.059911944;-1.061461537;0.133308671;0;0;0;0;0;0;0;0;0;0;0;0;0;0;0;0;user-3
5;27823;142;49;24;25;0;93;2;10944.5;2783.5;8161;13728;7747872.25;0;0;0;0;3090.123604;-5876.958547;1;69.06620992;58.69202537;0;176.4236656;3444.753842;-0.594316672;-1.489839665;109.179008;2.836129971;3.81025689;0;16.64754111;14.51805757;7.720996136;3.496228336;3.478798761;1.527628846;1.44335042;0.005;5.147058824;2.083260434;1.814225873;0.802420208;0.005;1.465241851;0.971251563;0.088235294;3.212121212;0.943329598;0.229950756;-1.027052649;0.088235294;user-3
6;20136;88;44;21;23;0;44;3;5904.333333;4628.105468;2145;12424;2.14E+07;2105.717002;-1.5;0;0;3089.632948;1803.10462;-1;61.74596816;57.54973205;0;179.5225462;3311.971659;9.26502331;-1.567681121;42.8789036;3.900755219;3.304212812;0;12.28322234;10.9178223;1.807263629;-0.247158751;1.910497317;1.276765356;0.841240558;0.176470588;2.764705882;0.707685677;0.387665034;-0.868367749;0.176470588;1.168768333;0.597231457;0.181818182;2.151515152;0.356685413;0.091817144;-0.960569016;0.181818182;user-3
7;17992;259;47;14;33;1;211;3;3049;776.9302843;2423;4144;603620.6667;355.0634228;-1.5;0;80;6889.937059;4592.277016;1;79.23114128;54.22537982;0;173.6598083;2940.391816;-6.194088822;-1.285051967;135;2.980433063;3.645761383;0.002751389;26.92582404;13.29157606;9.119422103;9.31683634;1.285648693;2.631271331;1.736764346;0.46;5.529411765;3.016350392;0.512720725;-1.243543102;0.46;1.007084953;0.783332581;0.038251366;3.62;0.613609932;1.185446953;3.268992596;0.038251366;user-3
8;31003;38;11;6;5;1;25;1;28186;0;28186;28186;0;0;0;80;0;892.5589073;961.3219349;-1;75.91215374;46.64446202;0;168.6900675;2175.705837;-11.11383531;-0.780664982;37.1466867;1.931521823;2.288929956;0;7.55902698;5.239200343;2.166331177;-0.415268948;0.023725205;2.187834225;0.657159981;1.5;2.96969697;0.43185924;0.027030595;-1.914335936;1.5;0;0;0;0;0;0;0;0;user-3
9;63055;70;6;5;1;0;64;2;30891.5;20866.5;10025;51758;4.35E+08;0;0;0;0;1295.775373;-1158.733858;-1;91.43362533;43.98004892;0;177.1375948;1934.244703;-25.65766174;-0.524297662;156.2796044;1.724390981;3.404744309;0;27.24426545;11.59228381;22.77420675;47.94231375;0;0.806149733;0.012032086;0.794117647;0.818181818;1.45E-04;0;0;0.794117647;0;0;0;0;0;0;0;0;user-3
10;116945;88;0;0;0;0;87;3;37905.33333;45099.08455;5696;101684;2.03E+09;21256.70134;-1.5;0;0;2655.243215;-1238.281415;1;77.92620602;34.84717898;0;147.7243557;1214.325883;-11.75326987;-0.055723287;60.2551187;3.141002958;2.19640308;0;8.54491808;4.824186488;1.845399482;0.006921055;0.044056053;0;0;0;0;0;0;0;0;0;0;0;0;0;0;0;0;user-3
11;110547;165;86;45;41;0;79;8;13614.625;19163.24848;2389;58010;3.67E+08;25743.61824;0.760641504;0;0;2520.929756;6544.654781;-1;56.22637757;60.23105012;0;178.1523897;3627.779398;32.09168022;-1.106288958;159.2277453;2.908199455;4.865485791;0;34.7453594;23.67295199;19.23758504;21.6596629;0;0.932322858;0.596237162;0.00305499;2.163265306;0.355498753;0.208270838;-0.930581068;0.00305499;0.874750921;0.654601196;0.005012531;3.048192771;0.428502725;0.791786052;1.760189153;0.005012531;user-3
12;20768;101;26;10;16;0;75;3;7260;3126.053849;4733;11665;9772212.667;1426.141356;-1.5;0;0;1948.258395;1469.40518;1;90.72561369;62.9606014;0;179.0808952;3964.037329;-17.81113793;-1.239244495;144.2461127;2.419004046;3.499822167;0;16.81228899;12.2487552;8.556505795;5.855887013;10.26861453;2.967245989;2.159162363;0.090909091;6.515151515;4.661982111;0.579773027;-1.319164414;0.090909091;2.032456922;1.235386363;0.323529412;3.787878788;1.526179465;0.002641813;-1.526424714;0.323529412;user-3
13;12463;9;7;0;7;0;2;1;10901;0;10901;10901;0;0;0;0;0;11.40175425;0;1;6.515627044;17.23872879;0;52.12501635;297.1737704;34.20704198;3.142857143;0;0;0;0;0;0;0;0;0;0;0;0;0;0;0;0;0;0.943038649;0.388778227;0.393939394;1.424242424;0.151148509;-0.029641246;-1.434309832;0.393939394;user-3
14;36223;2;0;0;0;0;1;1;36223;0;36223;36223;0;0;0;0;0;0;0;0;0;0;0;0;0;0;0;0;0;0;0;0;0;0;0;0;0;0;0;0;0;0;0;0;0;0;0;0;0;0;0;0;user-3
15;118240;3;0;0;0;0;3;2;59120;19279;39841;78399;3.72E+08;0;0;0;0;22.64686212;0;-1;64.15436778;9.146387982;55.0079798;73.30075577;83.65641312;0;0;73.30075577;0;0;0;0;0;0;0;0;0;0;0;0;0;0;0;0;0;0;0;0;0;0;0;0;user-3
16;52256;3;0;0;0;0;3;1;52200;0;52200;52200;0;0;0;0;0;20.92577595;-0.606050075;1;125.1202646;6.065660533;119.0546041;131.1859252;36.79223771;0;0;119.0546041;0.091925269;0.091925269;0;0.183850538;0.008450255;0;0;0.183850538;0;0;0;0;0;0;0;0;0;0;0;0;0;0;0;0;user-3
17;9504;2;0;0;0;0;1;1;9504;0;9504;9504;0;0;0;0;0;0;0;0;0;0;0;0;0;0;0;0;0;0;0;0;0;0;0;0;0;0;0;0;0;0;0;0;0;0;0;0;0;0;0;0;user-3
18;42408;4;0;0;0;0;4;2;20388;812;19576;21200;659344;0;0;0;0;31.40867515;-0.007657604;1;106.6035287;4.283662262;101.3099325;111.8014095;18.34976238;-0.095683644;-1.5;101.3099325;0.002132416;0.003015691;0;0.006397247;9.09E-06;0.00142161;-1.5;0;0;0;0;0;0;0;0;0;0;0;0;0;0;0;0;0;user-3
19;59449;138;53;0;53;0;85;9;9055;7910.902182;2037;27679;6.26E+07;9510.518339;0.695580432;0;0;3112.615161;-409.5670566;-1;59.99887188;58.10181215;0;178.8163713;3375.820575;17.27176933;-1.492355207;148.3924978;2.522231621;3.697549956;0;21.26029163;13.67187568;11.07314527;10.7176683;0.001612884;0;0;0;0;0;0;0;0;0.952867382;1.040187972;3.16E-04;5.090909091;1.081991017;2.359646481;5.384242861;3.16E-04;user-3
20;7742;163;22;10;12;1;140;1;2103;0;2103;2103;0;0;0;0;93;4142.453561;2287.501115;1;112.4587289;53.27827288;0;174.8055711;2838.574361;-71.8961903;0.343994152;114.4439548;2.354923903;2.020663252;0.022097087;13.03840481;4.083079979;4.271905319;6.346491363;1.726149425;5.391142191;1.430306069;2.939393939;7;2.045775452;-0.69136084;-0.847893328;2.939393939;1.503717485;1.065660486;0.101648352;2.909090909;1.135632272;-0.098620955;-1.566948029;0.101648352;user-3
21;27501;21;1;0;1;1;19;1;26825;0;26825;26825;0;0;0;93;0;1031.117493;-167.4364771;1;119.0965666;41.08512269;0;178.5930181;1687.987306;-71.19470251;2.84222253;90;1.350727784;0.96323829;0;3.324478033;0.927828003;0.312066161;-0.958225949;0.0625;0;0;0;0;0;0;0;0;0;0;0;0;0;0;0;0;user-3
22;11206;74;46;17;29;1;27;3;3467.666667;757.5334243;2723;4507;573856.8889;264.9432881;-1.5;0;67;426.5059155;-117.8345335;-1;47.23272283;66.34683188;0;170.5376778;4401.902101;60.74445199;-0.939024849;0;1.338481583;1.535880857;0.003636168;7.615773106;2.358930006;3.809764688;8.35557689;0.015044825;1.29585207;0.947487824;0.007832898;3.46875;0.897733177;0.644495104;-0.202793818;0.007832898;1.338625767;0.871438802;0.15625;2.939393939;0.759405586;0.257298443;-1.237515223;0.15625;user-3
23;31694;2;0;0;0;1;0;1;31694;0;31694;31694;0;0;0;67;67;0;0;0;0;0;0;0;0;0;0;0;0;0;0;0;0;0;0;0;0;0;0;0;0;0;0;0;0;0;0;0;0;0;0;0;user-3
24;76953;72;6;1;5;0;66;2;36856;24502;12354;61358;6.00E+08;0;0;67;0;1793.188426;1271.769593;1;89.69622192;65.72296701;0;177.7974018;4319.508392;-11.22856594;-1.396864074;176.1859252;2.548775019;2.88677975;0;12.55487953;8.333497323;4.838049453;2.432182972;0;0;0;0;0;0;0;0;0;2.163689718;0.684908977;1.204081633;2.757575758;0.469100307;-0.296204178;-1.5;1.204081633;user-3
25;13033;13;13;0;13;0;0;1;12150;0;12150;12150;0;0;0;0;0;0;0;0;0;0;0;0;0;0;0;0;0;0;0;0;0;0;0;0;0;0;0;0;0;0;0;0;0.730987905;0.543754599;2.47E-04;1.794117647;0.295669064;0.270921594;-0.691532444;2.47E-04;user-3
26;11983;7;7;0;7;0;0;1;11816;0;11816;11816;0;0;0;0;0;1.414213562;0;-1;7.5;16.77050983;0;45;281.25;25;1.2;0;0;0;0;0;0;0;0;0;0;0;0;0;0;0;0;0;0.489778656;0.292126449;1.69E-04;0.878787879;0.085337862;-0.080545509;-1.069085779;1.69E-04;user-3
27;38382;31;28;1;27;0;3;4;10959;8624.515059;2317;25065;7.44E+07;5160.863729;-0.934014078;0;0;40.44579695;0.182322194;-1;15.6187709;38.00854084;0;126.8698976;1444.649177;80.8096245;3.073786255;0;0.010956585;0.010295961;0.003286911;0.025510204;1.06E-04;0.004832371;-1.5;0.004072639;0;0;0;0;0;0;0;0;0.588661818;0.30114967;0.003378378;1.25;0.090691124;-0.018349321;-0.447563917;0.003378378;user-3
28;25504;42;42;7;35;0;0;3;7307.666667;3377.363995;3235;11505;1.14E+07;124.5534256;-1.5;0;0;1;-8.77E-05;-1;0;0;0;0;0;0;0;0;0;0;0;0;0;0;0;0;0.9909388;0.534308192;0.235294118;1.666666667;0.285485244;-0.074029386;-1.434420863;0.235294118;0.584099816;0.432462078;4.18E-04;1.852941176;0.187023449;0.367983053;0.898939326;4.18E-04;user-3
29;14145;20;19;0;19;0;0;1;11461;0;11461;11461;0;0;0;0;0;0;0;0;0;0;0;0;0;0;0;0;0;0;0;0;0;0;0;0;0;0;0;0;0;0;0;0;0.810097301;0.629491392;0.001080497;2.24137931;0.396259413;0.524798593;-0.176156947;0.001080497;user-3
30;34214;14;13;0;13;0;1;2;16871;5839;11032;22710;3.41E+07;0;0;0;0;0;0;0;0;0;0;0;0;0;0;0;0;0;0;0;0;0;0;0;0;0;0;0;0;0;0;0;0.483631189;0.294766245;1.32E-04;1;0.086887139;-0.014994896;-0.853834103;1.32E-04;user-3
31;114929;98;40;5;35;0;58;4;28375.25;43455.99944;2170;103633;1.89E+09;37603.18311;-0.66738736;0;0;3860.022225;-1002.859483;-1;56.43230999;62.44258561;0;176.1859252;3899.076497;41.97655457;-1.050028442;0;3.631051143;5.1738812;0;27.85129161;26.76904667;13.60062661;7.7004627;1.043794124;0.537496301;0.345205547;0.001002004;0.931034483;0.11916687;-0.137903599;-1.100598627;0.001002004;1.138550857;1.159219334;0.003250271;3.848484848;1.343789464;1.221607199;-0.22499274;0.003250271;user-3
32;3588;75;13;0;13;1;61;0;0;0;0;0;0;0;0;0;28;978.249169;44.7598644;1;73.30778718;63.76815332;0;177.70939;4066.377378;33.94954964;-1.223803669;21.37062227;1.589828243;1.5043105;0.002989881;8.139410298;2.26295008;2.485131643;4.249869335;2.469817807;0;0;0;0;0;0;0;0;3.500594177;2.724697262;0.303030303;7.242424242;7.423975168;0.675630689;-1.487033484;0.303030303;user-3
33;27270;39;0;0;0;1;37;2;11765.5;7071.5;4694;18837;5.00E+07;0;0;28;0;2784.603128;-3471.226837;-1;38.00969797;38.85871506;0;171.8698976;1509.999736;74.15215656;3.357296632;25.01689348;4.51779763;6.137295357;0;35.6931366;37.6663943;20.47559648;14.67753305;0.027091564;0;0;0;0;0;0;0;0;0;0;0;0;0;0;0;0;user-3
34;180000;2;0;0;0;0;1;1;180000;0;180000;180000;0;0;0;0;0;0;0;0;0;0;0;0;0;0;0;0;0;0;0;0;0;0;0;0;0;0;0;0;0;0;0;0;0;0;0;0;0;0;0;0;user-3
35;74940;105;45;16;29;1;59;2;35502.5;32902.5;2600;68405;1.08E+09;0;0;0;72;1844.251466;3260.813971;1;80.38027573;69.82823757;0;176.9059419;4875.982763;-8.101165089;-1.72389735;114.0461527;3.137462014;4.120171048;0;20.92313977;16.97580946;10.54001123;6.925429014;0;3.69091123;2.225475398;0.032;7.342857143;4.952740747;0.167312673;-1.166393233;0.032;1.957642553;1.683379901;0.002785515;6.333333333;2.833767891;1.804929269;0.655999274;0.002785515;user-3
36;67046;35;6;0;6;1;28;4;17909;12993.15984;4910;32921;1.69E+08;380.2254696;-1.947951789;72;0;2760.620342;118.6714908;-1;80.80616521;60.9644642;0;175.8403577;3716.665895;8.659955656;-1.371578704;159.4750966;2.417817903;1.677859177;0;4.919667164;2.815211417;0.420430869;-1.445882328;0;0;0;0;0;0;0;0;0;0.564568691;0.244071756;0.147058824;0.84375;0.059571022;-0.11359599;-0.841596985;0.147058824;user-3
37;22716;76;22;0;22;0;54;2;9371.5;4872.5;4499;14244;2.37E+07;0;0;0;0;1076.195549;690.5135654;1;69.86838814;58.54342358;0;165.9637565;3427.332445;8.186734804;-1.538085625;137.4895529;2.285059314;1.287958993;8.72E-04;4.833978376;1.658838368;-0.041087705;-0.906135904;4.069705149;0;0;0;0;0;0;0;0;0.569785273;0.364108864;9.83E-04;1.212121212;0.132575265;-0.018822271;-1.021186899;9.83E-04;user-3
38;15298;86;36;8;28;0;49;1;11848;0;11848;11848;0;0;0;0;0;966.6999662;-68.22351891;-1;77.73978765;62.33472579;0;174.2894069;3885.618039;-13.38751077;-1.544353315;0;1.985372101;1.761506601;0;6.364762689;3.102905505;1.436078667;-0.518765516;0.02413023;3.721434938;2.217364902;0.363636364;6.242424242;4.916707107;-0.554254049;-1.409363325;0.363636364;1.203832384;1.078993124;0.008571429;4.375;1.164226162;1.362460911;1.132058724;0.008571429;user-3
39;180001;60;13;13;0;0;46;2;88970.5;84070.5;4900;173041;7.07E+09;0;0;0;0;762.9820198;-96.10487419;1;91.8334687;53.4764715;0;175.5443972;2859.733005;-23.36535138;-0.960921638;175.5443972;1.402044259;0.922131983;0;3.528898553;0.850327394;0.280638286;-0.836735533;0.053008519;2.107924161;2.003344917;0.242424242;6.060606061;4.013390858;1.521536361;-0.872538088;0.242424242;0;0;0;0;0;0;0;0;user-3
40;25677;30;6;1;5;1;23;1;23229;0;23229;23229;0;0;0;0;110;1251.742666;-694.3847798;-1;122.7848823;50.97964983;0;179.8965781;2598.924697;-87.49553748;1.770266799;179.8965781;1.709907056;1.058285931;0;3.411836016;1.119969111;-0.213210892;-0.987925913;0;0;0;0;0;0;0;0;0;0.575980392;0.259592772;0.176470588;0.818181818;0.067388407;-0.109632221;-1.282730979;0.176470588;user-3
41;9329;142;52;20;32;2;88;1;2943;0;2943;2943;0;0;0;110;88;2657.485958;-835.4674506;-1;58.59255188;60.12114233;0;171.2538377;3614.551755;35.54549142;-1.184797892;135.7812577;1.411863628;1.177208978;0.009569378;4.126893505;1.385820979;0.696672923;-0.786311667;0.313349355;1.207986334;1.852218113;0.03;7.764705882;3.430711938;5.073664267;7.520977992;0.03;0.933627141;0.625813821;0.005347594;2.303030303;0.391642938;0.256337129;-0.668949813;0.005347594;user-3
42;5751;61;15;0;15;2;44;0;0;0;0;0;0;0;0;88;142;563.2292132;-19.66736098;1;70.30638799;70.1465188;0;177.273689;4920.534099;13.3806435;-1.755542227;153.4349488;0.702171906;0.585860546;7.23E-04;2.125;0.343232579;0.465305828;-0.286380625;0.054011304;0;0;0;0;0;0;0;0;0.836564538;0.439526271;0.006912442;1.606060606;0.193183343;-0.056992143;-0.866018325;0.006912442;user-3
43;6265;69;25;1;24;2;42;0;0;0;0;0;0;0;0;142;127;459.198675;15.90231853;-1;61.15611997;55.97862766;0;174.2894069;3133.606755;11.13540757;-1.194702419;131.1859252;0.237073309;0.179665494;0.009101152;0.6875;0.03227969;0.201384372;0.464248658;0.009101152;0;0;0;0;0;0;0;0;0.612734565;0.32152151;0.03;1.272727273;0.103376081;0.04863028;-0.635700233;0.03;user-3
44;3976;58;29;1;28;2;27;0;0;0;0;0;0;0;0;127;104;337.9990182;-29.31053016;-1;62.32946627;54.21294426;0;164.7448813;2939.043326;1.158475782;-1.487384664;80.53767779;0.56287777;0.500972995;0.004485813;1.625;0.250973941;0.375363613;-0.683462485;0.004485813;0;0;0;0;0;0;0;0;1.150014073;0.665563968;0.090909091;2.151515152;0.442975395;0.031813508;-1.338486662;0.090909091;user-3
45;1551;2;0;0;0;2;0;0;0;0;0;0;0;0;0;104;207;7.615773106;-0.01027051;1;156.8014095;0;156.8014095;156.8014095;0;0;0;156.8014095;0.004910234;0;0.004910234;0.004910234;0;0;0;0.004910234;0;0;0;0;0;0;0;0;0;0;0;0;0;0;0;0;user-3
46;7504;84;65;9;56;2;17;0;0;0;0;0;0;0;0;207;87;1362.890759;-230.9073223;1;32.63758887;54.30676012;0;174.8055711;2949.224195;79.41265987;0.882466815;122.9003943;0.160359907;0.141206786;0.022622528;0.444817099;0.019939356;0.111077084;-0.687554821;0.444817099;2.100076394;1.072184175;0.382352941;3.515151515;1.149578905;-0.175666348;-1.294639362;0.382352941;2.685904076;2.458507052;0.01;8.294117647;6.044256923;1.962544626;-0.607345764;0.01;user-3
47;10961;94;80;1;79;2;12;1;7301;0;7301;7301;0;0;0;87;128;141.883864;4.889172407;1;11.78736253;31.90702418;0;169.6951535;1018.058192;90.86411109;7.931863713;26.56505118;0.147821476;0.103177097;0.001515978;0.395284708;0.010645513;0.067955419;0.364595758;0.001515978;0;0;0;0;0;0;0;0;1.493171226;1.127987002;0.001904762;4.029411765;1.272354678;0.559668657;-0.702008283;0.001904762;user-3
48;3168;19;7;1;6;2;10;0;0;0;0;0;0;0;0;128;63;118.1538952;0.87404319;-1;88.37394648;52.08041324;0;157.3801351;2712.369443;-34.71161501;-0.732662441;90;0.194342541;0.184316047;0.004454343;0.541666667;0.033972405;0.147029743;-0.492649914;0.004454343;0;0;0;0;0;0;0;0;0.980035651;0.412618664;0.242424242;1.393939394;0.170254162;-0.280882289;-0.683125792;0.242424242;user-3
49;63769;637;196;97;99;2;439;7;6835.142857;5306.851001;2112;18174;2.82E+07;5168.864269;0.214450946;63;87;7209.600614;-1180.094203;1;70.52595941;63.45866222;0;177.1375948;4027.001811;8.07626963;-1.559944886;90;1.239126826;1.426370691;1.56E-04;8.353309391;2.034533347;3.488145372;6.603653184;0.012784091;1.590635104;2.149554812;0.003401361;9.323529412;4.62058589;4.74893125;4.230974269;0.003401361;1.321732028;1.408265397;3.99E-04;6.393939394;1.98321143;2.625450151;2.853413122;3.99E-04;user-3
50;42049;2;0;0;0;1;0;1;42049;0;42049;42049;0;0;0;87;87;0;0;0;0;0;0;0;0;0;0;0;0;0;0;0;0;0;0;0;0;0;0;0;0;0;0;0;0;0;0;0;0;0;0;0;user-3
